[0.000000] (-) TimerEvent: {}
[0.001023] (jetson_bringup) JobQueued: {'identifier': 'jetson_bringup', 'dependencies': OrderedDict()}
[0.001448] (obc_bringup) JobQueued: {'identifier': 'obc_bringup', 'dependencies': OrderedDict()}
[0.001547] (vehicle_msgs) JobQueued: {'identifier': 'vehicle_msgs', 'dependencies': OrderedDict()}
[0.001588] (camera_perception) JobQueued: {'identifier': 'camera_perception', 'dependencies': OrderedDict([('vehicle_msgs', '/vehicle_1811/install/vehicle_msgs')])}
[0.001671] (lidar_perception) JobQueued: {'identifier': 'lidar_perception', 'dependencies': OrderedDict([('vehicle_msgs', '/vehicle_1811/install/vehicle_msgs')])}
[0.001718] (sensor_fusion) JobQueued: {'identifier': 'sensor_fusion', 'dependencies': OrderedDict([('vehicle_msgs', '/vehicle_1811/install/vehicle_msgs')])}
[0.001777] (teleop_bridge) JobQueued: {'identifier': 'teleop_bridge', 'dependencies': OrderedDict([('vehicle_msgs', '/vehicle_1811/install/vehicle_msgs')])}
[0.001819] (vehicle_msgs) JobStarted: {'identifier': 'vehicle_msgs'}
[0.007183] (jetson_bringup) JobStarted: {'identifier': 'jetson_bringup'}
[0.010099] (obc_bringup) JobStarted: {'identifier': 'obc_bringup'}
[0.014760] (vehicle_msgs) JobProgress: {'identifier': 'vehicle_msgs', 'progress': 'cmake'}
[0.016037] (vehicle_msgs) Command: {'cmd': ['/usr/bin/cmake', '/vehicle_1811/ros2_ws/src/vehicle_msgs', '-DCMAKE_INSTALL_PREFIX=/vehicle_1811/install/vehicle_msgs'], 'cwd': '/vehicle_1811/build/vehicle_msgs', 'env': OrderedDict([('HOSTNAME', '4b9e17ea1ace'), ('SHLVL', '1'), ('LD_LIBRARY_PATH', '/opt/ros/humble/lib/x86_64-linux-gnu:/opt/ros/humble/lib'), ('HOME', '/root'), ('ROS_PYTHON_VERSION', '3'), ('ROS_DISTRO', 'humble'), ('_', '/usr/bin/colcon'), ('ROS_VERSION', '2'), ('TERM', 'xterm'), ('ROS_LOCALHOST_ONLY', '0'), ('PATH', '/opt/ros/humble/bin:/usr/local/sbin:/usr/local/bin:/usr/sbin:/usr/bin:/sbin:/bin'), ('LANG', 'C.UTF-8'), ('LS_COLORS', 'rs=0:di=01;34:ln=01;36:mh=00:pi=40;33:so=01;35:do=01;35:bd=40;33;01:cd=40;33;01:or=40;31;01:mi=00:su=37;41:sg=30;43:ca=30;41:tw=30;42:ow=34;42:st=37;44:ex=01;32:*.tar=01;31:*.tgz=01;31:*.arc=01;31:*.arj=01;31:*.taz=01;31:*.lha=01;31:*.lz4=01;31:*.lzh=01;31:*.lzma=01;31:*.tlz=01;31:*.txz=01;31:*.tzo=01;31:*.t7z=01;31:*.zip=01;31:*.z=01;31:*.dz=01;31:*.gz=01;31:*.lrz=01;31:*.lz=01;31:*.lzo=01;31:*.xz=01;31:*.zst=01;31:*.tzst=01;31:*.bz2=01;31:*.bz=01;31:*.tbz=01;31:*.tbz2=01;31:*.tz=01;31:*.deb=01;31:*.rpm=01;31:*.jar=01;31:*.war=01;31:*.ear=01;31:*.sar=01;31:*.rar=01;31:*.alz=01;31:*.ace=01;31:*.zoo=01;31:*.cpio=01;31:*.7z=01;31:*.rz=01;31:*.cab=01;31:*.wim=01;31:*.swm=01;31:*.dwm=01;31:*.esd=01;31:*.jpg=01;35:*.jpeg=01;35:*.mjpg=01;35:*.mjpeg=01;35:*.gif=01;35:*.bmp=01;35:*.pbm=01;35:*.pgm=01;35:*.ppm=01;35:*.tga=01;35:*.xbm=01;35:*.xpm=01;35:*.tif=01;35:*.tiff=01;35:*.png=01;35:*.svg=01;35:*.svgz=01;35:*.mng=01;35:*.pcx=01;35:*.mov=01;35:*.mpg=01;35:*.mpeg=01;35:*.m2v=01;35:*.mkv=01;35:*.webm=01;35:*.webp=01;35:*.ogm=01;35:*.mp4=01;35:*.m4v=01;35:*.mp4v=01;35:*.vob=01;35:*.qt=01;35:*.nuv=01;35:*.wmv=01;35:*.asf=01;35:*.rm=01;35:*.rmvb=01;35:*.flc=01;35:*.avi=01;35:*.fli=01;35:*.flv=01;35:*.gl=01;35:*.dl=01;35:*.xcf=01;35:*.xwd=01;35:*.yuv=01;35:*.cgm=01;35:*.emf=01;35:*.ogv=01;35:*.ogx=01;35:*.aac=00;36:*.au=00;36:*.flac=00;36:*.m4a=00;36:*.mid=00;36:*.midi=00;36:*.mka=00;36:*.mp3=00;36:*.mpc=00;36:*.ogg=00;36:*.ra=00;36:*.wav=00;36:*.oga=00;36:*.opus=00;36:*.spx=00;36:*.xspf=00;36:'), ('AMENT_PREFIX_PATH', '/opt/ros/humble'), ('DEBIAN_FRONTEND', 'noninteractive'), ('PWD', '/vehicle_1811/build/vehicle_msgs'), ('LC_ALL', 'C.UTF-8'), ('PYTHONPATH', '/opt/ros/humble/lib/python3.10/site-packages:/opt/ros/humble/local/lib/python3.10/dist-packages'), ('COLCON', '1'), ('CMAKE_PREFIX_PATH', '/opt/ros/humble')]), 'shell': False}
[0.019549] (jetson_bringup) JobProgress: {'identifier': 'jetson_bringup', 'progress': 'cmake'}
[0.022373] (jetson_bringup) Command: {'cmd': ['/usr/bin/cmake', '/vehicle_1811/ros2_ws/src/jetson_bringup', '-DCMAKE_INSTALL_PREFIX=/vehicle_1811/install/jetson_bringup'], 'cwd': '/vehicle_1811/build/jetson_bringup', 'env': OrderedDict([('HOSTNAME', '4b9e17ea1ace'), ('SHLVL', '1'), ('LD_LIBRARY_PATH', '/opt/ros/humble/lib/x86_64-linux-gnu:/opt/ros/humble/lib'), ('HOME', '/root'), ('ROS_PYTHON_VERSION', '3'), ('ROS_DISTRO', 'humble'), ('_', '/usr/bin/colcon'), ('ROS_VERSION', '2'), ('TERM', 'xterm'), ('ROS_LOCALHOST_ONLY', '0'), ('PATH', '/opt/ros/humble/bin:/usr/local/sbin:/usr/local/bin:/usr/sbin:/usr/bin:/sbin:/bin'), ('LANG', 'C.UTF-8'), ('LS_COLORS', 'rs=0:di=01;34:ln=01;36:mh=00:pi=40;33:so=01;35:do=01;35:bd=40;33;01:cd=40;33;01:or=40;31;01:mi=00:su=37;41:sg=30;43:ca=30;41:tw=30;42:ow=34;42:st=37;44:ex=01;32:*.tar=01;31:*.tgz=01;31:*.arc=01;31:*.arj=01;31:*.taz=01;31:*.lha=01;31:*.lz4=01;31:*.lzh=01;31:*.lzma=01;31:*.tlz=01;31:*.txz=01;31:*.tzo=01;31:*.t7z=01;31:*.zip=01;31:*.z=01;31:*.dz=01;31:*.gz=01;31:*.lrz=01;31:*.lz=01;31:*.lzo=01;31:*.xz=01;31:*.zst=01;31:*.tzst=01;31:*.bz2=01;31:*.bz=01;31:*.tbz=01;31:*.tbz2=01;31:*.tz=01;31:*.deb=01;31:*.rpm=01;31:*.jar=01;31:*.war=01;31:*.ear=01;31:*.sar=01;31:*.rar=01;31:*.alz=01;31:*.ace=01;31:*.zoo=01;31:*.cpio=01;31:*.7z=01;31:*.rz=01;31:*.cab=01;31:*.wim=01;31:*.swm=01;31:*.dwm=01;31:*.esd=01;31:*.jpg=01;35:*.jpeg=01;35:*.mjpg=01;35:*.mjpeg=01;35:*.gif=01;35:*.bmp=01;35:*.pbm=01;35:*.pgm=01;35:*.ppm=01;35:*.tga=01;35:*.xbm=01;35:*.xpm=01;35:*.tif=01;35:*.tiff=01;35:*.png=01;35:*.svg=01;35:*.svgz=01;35:*.mng=01;35:*.pcx=01;35:*.mov=01;35:*.mpg=01;35:*.mpeg=01;35:*.m2v=01;35:*.mkv=01;35:*.webm=01;35:*.webp=01;35:*.ogm=01;35:*.mp4=01;35:*.m4v=01;35:*.mp4v=01;35:*.vob=01;35:*.qt=01;35:*.nuv=01;35:*.wmv=01;35:*.asf=01;35:*.rm=01;35:*.rmvb=01;35:*.flc=01;35:*.avi=01;35:*.fli=01;35:*.flv=01;35:*.gl=01;35:*.dl=01;35:*.xcf=01;35:*.xwd=01;35:*.yuv=01;35:*.cgm=01;35:*.emf=01;35:*.ogv=01;35:*.ogx=01;35:*.aac=00;36:*.au=00;36:*.flac=00;36:*.m4a=00;36:*.mid=00;36:*.midi=00;36:*.mka=00;36:*.mp3=00;36:*.mpc=00;36:*.ogg=00;36:*.ra=00;36:*.wav=00;36:*.oga=00;36:*.opus=00;36:*.spx=00;36:*.xspf=00;36:'), ('AMENT_PREFIX_PATH', '/opt/ros/humble'), ('DEBIAN_FRONTEND', 'noninteractive'), ('PWD', '/vehicle_1811/build/jetson_bringup'), ('LC_ALL', 'C.UTF-8'), ('PYTHONPATH', '/opt/ros/humble/lib/python3.10/site-packages:/opt/ros/humble/local/lib/python3.10/dist-packages'), ('COLCON', '1'), ('CMAKE_PREFIX_PATH', '/opt/ros/humble')]), 'shell': False}
[0.026948] (obc_bringup) JobProgress: {'identifier': 'obc_bringup', 'progress': 'cmake'}
[0.028728] (obc_bringup) Command: {'cmd': ['/usr/bin/cmake', '/vehicle_1811/ros2_ws/src/obc_bringup', '-DCMAKE_INSTALL_PREFIX=/vehicle_1811/install/obc_bringup'], 'cwd': '/vehicle_1811/build/obc_bringup', 'env': OrderedDict([('HOSTNAME', '4b9e17ea1ace'), ('SHLVL', '1'), ('LD_LIBRARY_PATH', '/opt/ros/humble/lib/x86_64-linux-gnu:/opt/ros/humble/lib'), ('HOME', '/root'), ('ROS_PYTHON_VERSION', '3'), ('ROS_DISTRO', 'humble'), ('_', '/usr/bin/colcon'), ('ROS_VERSION', '2'), ('TERM', 'xterm'), ('ROS_LOCALHOST_ONLY', '0'), ('PATH', '/opt/ros/humble/bin:/usr/local/sbin:/usr/local/bin:/usr/sbin:/usr/bin:/sbin:/bin'), ('LANG', 'C.UTF-8'), ('LS_COLORS', 'rs=0:di=01;34:ln=01;36:mh=00:pi=40;33:so=01;35:do=01;35:bd=40;33;01:cd=40;33;01:or=40;31;01:mi=00:su=37;41:sg=30;43:ca=30;41:tw=30;42:ow=34;42:st=37;44:ex=01;32:*.tar=01;31:*.tgz=01;31:*.arc=01;31:*.arj=01;31:*.taz=01;31:*.lha=01;31:*.lz4=01;31:*.lzh=01;31:*.lzma=01;31:*.tlz=01;31:*.txz=01;31:*.tzo=01;31:*.t7z=01;31:*.zip=01;31:*.z=01;31:*.dz=01;31:*.gz=01;31:*.lrz=01;31:*.lz=01;31:*.lzo=01;31:*.xz=01;31:*.zst=01;31:*.tzst=01;31:*.bz2=01;31:*.bz=01;31:*.tbz=01;31:*.tbz2=01;31:*.tz=01;31:*.deb=01;31:*.rpm=01;31:*.jar=01;31:*.war=01;31:*.ear=01;31:*.sar=01;31:*.rar=01;31:*.alz=01;31:*.ace=01;31:*.zoo=01;31:*.cpio=01;31:*.7z=01;31:*.rz=01;31:*.cab=01;31:*.wim=01;31:*.swm=01;31:*.dwm=01;31:*.esd=01;31:*.jpg=01;35:*.jpeg=01;35:*.mjpg=01;35:*.mjpeg=01;35:*.gif=01;35:*.bmp=01;35:*.pbm=01;35:*.pgm=01;35:*.ppm=01;35:*.tga=01;35:*.xbm=01;35:*.xpm=01;35:*.tif=01;35:*.tiff=01;35:*.png=01;35:*.svg=01;35:*.svgz=01;35:*.mng=01;35:*.pcx=01;35:*.mov=01;35:*.mpg=01;35:*.mpeg=01;35:*.m2v=01;35:*.mkv=01;35:*.webm=01;35:*.webp=01;35:*.ogm=01;35:*.mp4=01;35:*.m4v=01;35:*.mp4v=01;35:*.vob=01;35:*.qt=01;35:*.nuv=01;35:*.wmv=01;35:*.asf=01;35:*.rm=01;35:*.rmvb=01;35:*.flc=01;35:*.avi=01;35:*.fli=01;35:*.flv=01;35:*.gl=01;35:*.dl=01;35:*.xcf=01;35:*.xwd=01;35:*.yuv=01;35:*.cgm=01;35:*.emf=01;35:*.ogv=01;35:*.ogx=01;35:*.aac=00;36:*.au=00;36:*.flac=00;36:*.m4a=00;36:*.mid=00;36:*.midi=00;36:*.mka=00;36:*.mp3=00;36:*.mpc=00;36:*.ogg=00;36:*.ra=00;36:*.wav=00;36:*.oga=00;36:*.opus=00;36:*.spx=00;36:*.xspf=00;36:'), ('AMENT_PREFIX_PATH', '/opt/ros/humble'), ('DEBIAN_FRONTEND', 'noninteractive'), ('PWD', '/vehicle_1811/build/obc_bringup'), ('LC_ALL', 'C.UTF-8'), ('PYTHONPATH', '/opt/ros/humble/lib/python3.10/site-packages:/opt/ros/humble/local/lib/python3.10/dist-packages'), ('COLCON', '1'), ('CMAKE_PREFIX_PATH', '/opt/ros/humble')]), 'shell': False}
[0.066568] (jetson_bringup) StdoutLine: {'line': b'-- The C compiler identification is GNU 11.4.0\n'}
[0.068834] (vehicle_msgs) StdoutLine: {'line': b'-- The C compiler identification is GNU 11.4.0\n'}
[0.072147] (obc_bringup) StdoutLine: {'line': b'-- The C compiler identification is GNU 11.4.0\n'}
[0.099936] (-) TimerEvent: {}
[0.104098] (jetson_bringup) StdoutLine: {'line': b'-- The CXX compiler identification is GNU 11.4.0\n'}
[0.104897] (vehicle_msgs) StdoutLine: {'line': b'-- The CXX compiler identification is GNU 11.4.0\n'}
[0.108842] (jetson_bringup) StdoutLine: {'line': b'-- Detecting C compiler ABI info\n'}
[0.109795] (vehicle_msgs) StdoutLine: {'line': b'-- Detecting C compiler ABI info\n'}
[0.112437] (obc_bringup) StdoutLine: {'line': b'-- The CXX compiler identification is GNU 11.4.0\n'}
[0.118830] (obc_bringup) StdoutLine: {'line': b'-- Detecting C compiler ABI info\n'}
[0.156612] (jetson_bringup) StdoutLine: {'line': b'-- Detecting C compiler ABI info - done\n'}
[0.157587] (vehicle_msgs) StdoutLine: {'line': b'-- Detecting C compiler ABI info - done\n'}
[0.160541] (vehicle_msgs) StdoutLine: {'line': b'-- Check for working C compiler: /usr/bin/cc - skipped\n'}
[0.161157] (jetson_bringup) StdoutLine: {'line': b'-- Check for working C compiler: /usr/bin/cc - skipped\n'}
[0.162471] (jetson_bringup) StdoutLine: {'line': b'-- Detecting C compile features\n'}
[0.162887] (jetson_bringup) StdoutLine: {'line': b'-- Detecting C compile features - done\n'}
[0.163006] (vehicle_msgs) StdoutLine: {'line': b'-- Detecting C compile features\n'}
[0.163043] (vehicle_msgs) StdoutLine: {'line': b'-- Detecting C compile features - done\n'}
[0.163612] (jetson_bringup) StdoutLine: {'line': b'-- Detecting CXX compiler ABI info\n'}
[0.164089] (vehicle_msgs) StdoutLine: {'line': b'-- Detecting CXX compiler ABI info\n'}
[0.168001] (obc_bringup) StdoutLine: {'line': b'-- Detecting C compiler ABI info - done\n'}
[0.172253] (obc_bringup) StdoutLine: {'line': b'-- Check for working C compiler: /usr/bin/cc - skipped\n'}
[0.172863] (obc_bringup) StdoutLine: {'line': b'-- Detecting C compile features\n'}
[0.173354] (obc_bringup) StdoutLine: {'line': b'-- Detecting C compile features - done\n'}
[0.175237] (obc_bringup) StdoutLine: {'line': b'-- Detecting CXX compiler ABI info\n'}
[0.200098] (-) TimerEvent: {}
[0.219950] (jetson_bringup) StdoutLine: {'line': b'-- Detecting CXX compiler ABI info - done\n'}
[0.220393] (vehicle_msgs) StdoutLine: {'line': b'-- Detecting CXX compiler ABI info - done\n'}
[0.224050] (vehicle_msgs) StdoutLine: {'line': b'-- Check for working CXX compiler: /usr/bin/c++ - skipped\n'}
[0.224349] (vehicle_msgs) StdoutLine: {'line': b'-- Detecting CXX compile features\n'}
[0.224494] (vehicle_msgs) StdoutLine: {'line': b'-- Detecting CXX compile features - done\n'}
[0.225832] (jetson_bringup) StdoutLine: {'line': b'-- Check for working CXX compiler: /usr/bin/c++ - skipped\n'}
[0.226077] (jetson_bringup) StdoutLine: {'line': b'-- Detecting CXX compile features\n'}
[0.226367] (jetson_bringup) StdoutLine: {'line': b'-- Detecting CXX compile features - done\n'}
[0.226869] (vehicle_msgs) StdoutLine: {'line': b'-- Found ament_cmake: 1.3.14 (/opt/ros/humble/share/ament_cmake/cmake)\n'}
[0.228441] (jetson_bringup) StdoutLine: {'line': b'-- Found ament_cmake: 1.3.14 (/opt/ros/humble/share/ament_cmake/cmake)\n'}
[0.238583] (obc_bringup) StdoutLine: {'line': b'-- Detecting CXX compiler ABI info - done\n'}
[0.243284] (obc_bringup) StdoutLine: {'line': b'-- Check for working CXX compiler: /usr/bin/c++ - skipped\n'}
[0.243556] (obc_bringup) StdoutLine: {'line': b'-- Detecting CXX compile features\n'}
[0.243885] (obc_bringup) StdoutLine: {'line': b'-- Detecting CXX compile features - done\n'}
[0.245947] (obc_bringup) StdoutLine: {'line': b'-- Found ament_cmake: 1.3.14 (/opt/ros/humble/share/ament_cmake/cmake)\n'}
[0.300405] (-) TimerEvent: {}
[0.308314] (jetson_bringup) StdoutLine: {'line': b'-- Found Python3: /usr/bin/python3 (found version "3.10.12") found components: Interpreter \n'}
[0.308890] (vehicle_msgs) StdoutLine: {'line': b'-- Found Python3: /usr/bin/python3 (found version "3.10.12") found components: Interpreter \n'}
[0.326015] (obc_bringup) StdoutLine: {'line': b'-- Found Python3: /usr/bin/python3 (found version "3.10.12") found components: Interpreter \n'}
[0.377844] (jetson_bringup) StdoutLine: {'line': b'-- Found ament_lint_auto: 0.12.15 (/opt/ros/humble/share/ament_lint_auto/cmake)\n'}
[0.378959] (vehicle_msgs) StdoutLine: {'line': b'-- Found std_msgs: 4.9.1 (/opt/ros/humble/share/std_msgs/cmake)\n'}
[0.405218] (vehicle_msgs) StdoutLine: {'line': b'-- Found rosidl_generator_c: 3.1.8 (/opt/ros/humble/share/rosidl_generator_c/cmake)\n'}
[0.406942] (-) TimerEvent: {}
[0.412379] (vehicle_msgs) StdoutLine: {'line': b'-- Found rosidl_adapter: 3.1.8 (/opt/ros/humble/share/rosidl_adapter/cmake)\n'}
[0.417011] (obc_bringup) StdoutLine: {'line': b'-- Found ament_lint_auto: 0.12.15 (/opt/ros/humble/share/ament_lint_auto/cmake)\n'}
[0.419744] (vehicle_msgs) StdoutLine: {'line': b'-- Found rosidl_generator_cpp: 3.1.8 (/opt/ros/humble/share/rosidl_generator_cpp/cmake)\n'}
[0.428546] (vehicle_msgs) StdoutLine: {'line': b'-- Using all available rosidl_typesupport_c: rosidl_typesupport_fastrtps_c;rosidl_typesupport_introspection_c\n'}
[0.441014] (vehicle_msgs) StdoutLine: {'line': b'-- Using all available rosidl_typesupport_cpp: rosidl_typesupport_fastrtps_cpp;rosidl_typesupport_introspection_cpp\n'}
[0.453838] (jetson_bringup) StdoutLine: {'line': b"-- Added test 'lint_cmake' to check CMake code style\n"}
[0.454615] (jetson_bringup) StdoutLine: {'line': b"-- Added test 'xmllint' to check XML markup files\n"}
[0.455213] (vehicle_msgs) StdoutLine: {'line': b'-- Found geometry_msgs: 4.9.1 (/opt/ros/humble/share/geometry_msgs/cmake)\n'}
[0.455615] (jetson_bringup) StdoutLine: {'line': b'-- Configuring done\n'}
[0.459234] (jetson_bringup) StdoutLine: {'line': b'-- Generating done\n'}
[0.461281] (jetson_bringup) StdoutLine: {'line': b'-- Build files have been written to: /vehicle_1811/build/jetson_bringup\n'}
[0.465478] (vehicle_msgs) StdoutLine: {'line': b'-- Found rosidl_default_generators: 1.2.1 (/opt/ros/humble/share/rosidl_default_generators/cmake)\n'}
[0.468083] (jetson_bringup) CommandEnded: {'returncode': 0}
[0.469370] (jetson_bringup) JobProgress: {'identifier': 'jetson_bringup', 'progress': 'build'}
[0.469395] (jetson_bringup) Command: {'cmd': ['/usr/bin/cmake', '--build', '/vehicle_1811/build/jetson_bringup', '--', '-j24', '-l24'], 'cwd': '/vehicle_1811/build/jetson_bringup', 'env': OrderedDict([('HOSTNAME', '4b9e17ea1ace'), ('SHLVL', '1'), ('LD_LIBRARY_PATH', '/opt/ros/humble/lib/x86_64-linux-gnu:/opt/ros/humble/lib'), ('HOME', '/root'), ('ROS_PYTHON_VERSION', '3'), ('ROS_DISTRO', 'humble'), ('_', '/usr/bin/colcon'), ('ROS_VERSION', '2'), ('TERM', 'xterm'), ('ROS_LOCALHOST_ONLY', '0'), ('PATH', '/opt/ros/humble/bin:/usr/local/sbin:/usr/local/bin:/usr/sbin:/usr/bin:/sbin:/bin'), ('LANG', 'C.UTF-8'), ('LS_COLORS', 'rs=0:di=01;34:ln=01;36:mh=00:pi=40;33:so=01;35:do=01;35:bd=40;33;01:cd=40;33;01:or=40;31;01:mi=00:su=37;41:sg=30;43:ca=30;41:tw=30;42:ow=34;42:st=37;44:ex=01;32:*.tar=01;31:*.tgz=01;31:*.arc=01;31:*.arj=01;31:*.taz=01;31:*.lha=01;31:*.lz4=01;31:*.lzh=01;31:*.lzma=01;31:*.tlz=01;31:*.txz=01;31:*.tzo=01;31:*.t7z=01;31:*.zip=01;31:*.z=01;31:*.dz=01;31:*.gz=01;31:*.lrz=01;31:*.lz=01;31:*.lzo=01;31:*.xz=01;31:*.zst=01;31:*.tzst=01;31:*.bz2=01;31:*.bz=01;31:*.tbz=01;31:*.tbz2=01;31:*.tz=01;31:*.deb=01;31:*.rpm=01;31:*.jar=01;31:*.war=01;31:*.ear=01;31:*.sar=01;31:*.rar=01;31:*.alz=01;31:*.ace=01;31:*.zoo=01;31:*.cpio=01;31:*.7z=01;31:*.rz=01;31:*.cab=01;31:*.wim=01;31:*.swm=01;31:*.dwm=01;31:*.esd=01;31:*.jpg=01;35:*.jpeg=01;35:*.mjpg=01;35:*.mjpeg=01;35:*.gif=01;35:*.bmp=01;35:*.pbm=01;35:*.pgm=01;35:*.ppm=01;35:*.tga=01;35:*.xbm=01;35:*.xpm=01;35:*.tif=01;35:*.tiff=01;35:*.png=01;35:*.svg=01;35:*.svgz=01;35:*.mng=01;35:*.pcx=01;35:*.mov=01;35:*.mpg=01;35:*.mpeg=01;35:*.m2v=01;35:*.mkv=01;35:*.webm=01;35:*.webp=01;35:*.ogm=01;35:*.mp4=01;35:*.m4v=01;35:*.mp4v=01;35:*.vob=01;35:*.qt=01;35:*.nuv=01;35:*.wmv=01;35:*.asf=01;35:*.rm=01;35:*.rmvb=01;35:*.flc=01;35:*.avi=01;35:*.fli=01;35:*.flv=01;35:*.gl=01;35:*.dl=01;35:*.xcf=01;35:*.xwd=01;35:*.yuv=01;35:*.cgm=01;35:*.emf=01;35:*.ogv=01;35:*.ogx=01;35:*.aac=00;36:*.au=00;36:*.flac=00;36:*.m4a=00;36:*.mid=00;36:*.midi=00;36:*.mka=00;36:*.mp3=00;36:*.mpc=00;36:*.ogg=00;36:*.ra=00;36:*.wav=00;36:*.oga=00;36:*.opus=00;36:*.spx=00;36:*.xspf=00;36:'), ('AMENT_PREFIX_PATH', '/opt/ros/humble'), ('DEBIAN_FRONTEND', 'noninteractive'), ('PWD', '/vehicle_1811/build/jetson_bringup'), ('LC_ALL', 'C.UTF-8'), ('PYTHONPATH', '/opt/ros/humble/lib/python3.10/site-packages:/opt/ros/humble/local/lib/python3.10/dist-packages'), ('COLCON', '1'), ('CMAKE_PREFIX_PATH', '/opt/ros/humble')]), 'shell': False}
[0.474921] (vehicle_msgs) StdoutLine: {'line': b'-- Found ament_lint_auto: 0.12.15 (/opt/ros/humble/share/ament_lint_auto/cmake)\n'}
[0.476119] (obc_bringup) StdoutLine: {'line': b"-- Added test 'lint_cmake' to check CMake code style\n"}
[0.477212] (obc_bringup) StdoutLine: {'line': b"-- Added test 'xmllint' to check XML markup files\n"}
[0.479004] (obc_bringup) StdoutLine: {'line': b'-- Configuring done\n'}
[0.483623] (obc_bringup) StdoutLine: {'line': b'-- Generating done\n'}
[0.485552] (obc_bringup) StdoutLine: {'line': b'-- Build files have been written to: /vehicle_1811/build/obc_bringup\n'}
[0.492312] (obc_bringup) CommandEnded: {'returncode': 0}
[0.493926] (obc_bringup) JobProgress: {'identifier': 'obc_bringup', 'progress': 'build'}
[0.493981] (obc_bringup) Command: {'cmd': ['/usr/bin/cmake', '--build', '/vehicle_1811/build/obc_bringup', '--', '-j24', '-l24'], 'cwd': '/vehicle_1811/build/obc_bringup', 'env': OrderedDict([('HOSTNAME', '4b9e17ea1ace'), ('SHLVL', '1'), ('LD_LIBRARY_PATH', '/opt/ros/humble/lib/x86_64-linux-gnu:/opt/ros/humble/lib'), ('HOME', '/root'), ('ROS_PYTHON_VERSION', '3'), ('ROS_DISTRO', 'humble'), ('_', '/usr/bin/colcon'), ('ROS_VERSION', '2'), ('TERM', 'xterm'), ('ROS_LOCALHOST_ONLY', '0'), ('PATH', '/opt/ros/humble/bin:/usr/local/sbin:/usr/local/bin:/usr/sbin:/usr/bin:/sbin:/bin'), ('LANG', 'C.UTF-8'), ('LS_COLORS', 'rs=0:di=01;34:ln=01;36:mh=00:pi=40;33:so=01;35:do=01;35:bd=40;33;01:cd=40;33;01:or=40;31;01:mi=00:su=37;41:sg=30;43:ca=30;41:tw=30;42:ow=34;42:st=37;44:ex=01;32:*.tar=01;31:*.tgz=01;31:*.arc=01;31:*.arj=01;31:*.taz=01;31:*.lha=01;31:*.lz4=01;31:*.lzh=01;31:*.lzma=01;31:*.tlz=01;31:*.txz=01;31:*.tzo=01;31:*.t7z=01;31:*.zip=01;31:*.z=01;31:*.dz=01;31:*.gz=01;31:*.lrz=01;31:*.lz=01;31:*.lzo=01;31:*.xz=01;31:*.zst=01;31:*.tzst=01;31:*.bz2=01;31:*.bz=01;31:*.tbz=01;31:*.tbz2=01;31:*.tz=01;31:*.deb=01;31:*.rpm=01;31:*.jar=01;31:*.war=01;31:*.ear=01;31:*.sar=01;31:*.rar=01;31:*.alz=01;31:*.ace=01;31:*.zoo=01;31:*.cpio=01;31:*.7z=01;31:*.rz=01;31:*.cab=01;31:*.wim=01;31:*.swm=01;31:*.dwm=01;31:*.esd=01;31:*.jpg=01;35:*.jpeg=01;35:*.mjpg=01;35:*.mjpeg=01;35:*.gif=01;35:*.bmp=01;35:*.pbm=01;35:*.pgm=01;35:*.ppm=01;35:*.tga=01;35:*.xbm=01;35:*.xpm=01;35:*.tif=01;35:*.tiff=01;35:*.png=01;35:*.svg=01;35:*.svgz=01;35:*.mng=01;35:*.pcx=01;35:*.mov=01;35:*.mpg=01;35:*.mpeg=01;35:*.m2v=01;35:*.mkv=01;35:*.webm=01;35:*.webp=01;35:*.ogm=01;35:*.mp4=01;35:*.m4v=01;35:*.mp4v=01;35:*.vob=01;35:*.qt=01;35:*.nuv=01;35:*.wmv=01;35:*.asf=01;35:*.rm=01;35:*.rmvb=01;35:*.flc=01;35:*.avi=01;35:*.fli=01;35:*.flv=01;35:*.gl=01;35:*.dl=01;35:*.xcf=01;35:*.xwd=01;35:*.yuv=01;35:*.cgm=01;35:*.emf=01;35:*.ogv=01;35:*.ogx=01;35:*.aac=00;36:*.au=00;36:*.flac=00;36:*.m4a=00;36:*.mid=00;36:*.midi=00;36:*.mka=00;36:*.mp3=00;36:*.mpc=00;36:*.ogg=00;36:*.ra=00;36:*.wav=00;36:*.oga=00;36:*.opus=00;36:*.spx=00;36:*.xspf=00;36:'), ('AMENT_PREFIX_PATH', '/opt/ros/humble'), ('DEBIAN_FRONTEND', 'noninteractive'), ('PWD', '/vehicle_1811/build/obc_bringup'), ('LC_ALL', 'C.UTF-8'), ('PYTHONPATH', '/opt/ros/humble/lib/python3.10/site-packages:/opt/ros/humble/local/lib/python3.10/dist-packages'), ('COLCON', '1'), ('CMAKE_PREFIX_PATH', '/opt/ros/humble')]), 'shell': False}
[0.502418] (jetson_bringup) CommandEnded: {'returncode': 0}
[0.503450] (jetson_bringup) JobProgress: {'identifier': 'jetson_bringup', 'progress': 'install'}
[0.507031] (-) TimerEvent: {}
[0.510696] (jetson_bringup) Command: {'cmd': ['/usr/bin/cmake', '--install', '/vehicle_1811/build/jetson_bringup'], 'cwd': '/vehicle_1811/build/jetson_bringup', 'env': OrderedDict([('HOSTNAME', '4b9e17ea1ace'), ('SHLVL', '1'), ('LD_LIBRARY_PATH', '/opt/ros/humble/lib/x86_64-linux-gnu:/opt/ros/humble/lib'), ('HOME', '/root'), ('ROS_PYTHON_VERSION', '3'), ('ROS_DISTRO', 'humble'), ('_', '/usr/bin/colcon'), ('ROS_VERSION', '2'), ('TERM', 'xterm'), ('ROS_LOCALHOST_ONLY', '0'), ('PATH', '/opt/ros/humble/bin:/usr/local/sbin:/usr/local/bin:/usr/sbin:/usr/bin:/sbin:/bin'), ('LANG', 'C.UTF-8'), ('LS_COLORS', 'rs=0:di=01;34:ln=01;36:mh=00:pi=40;33:so=01;35:do=01;35:bd=40;33;01:cd=40;33;01:or=40;31;01:mi=00:su=37;41:sg=30;43:ca=30;41:tw=30;42:ow=34;42:st=37;44:ex=01;32:*.tar=01;31:*.tgz=01;31:*.arc=01;31:*.arj=01;31:*.taz=01;31:*.lha=01;31:*.lz4=01;31:*.lzh=01;31:*.lzma=01;31:*.tlz=01;31:*.txz=01;31:*.tzo=01;31:*.t7z=01;31:*.zip=01;31:*.z=01;31:*.dz=01;31:*.gz=01;31:*.lrz=01;31:*.lz=01;31:*.lzo=01;31:*.xz=01;31:*.zst=01;31:*.tzst=01;31:*.bz2=01;31:*.bz=01;31:*.tbz=01;31:*.tbz2=01;31:*.tz=01;31:*.deb=01;31:*.rpm=01;31:*.jar=01;31:*.war=01;31:*.ear=01;31:*.sar=01;31:*.rar=01;31:*.alz=01;31:*.ace=01;31:*.zoo=01;31:*.cpio=01;31:*.7z=01;31:*.rz=01;31:*.cab=01;31:*.wim=01;31:*.swm=01;31:*.dwm=01;31:*.esd=01;31:*.jpg=01;35:*.jpeg=01;35:*.mjpg=01;35:*.mjpeg=01;35:*.gif=01;35:*.bmp=01;35:*.pbm=01;35:*.pgm=01;35:*.ppm=01;35:*.tga=01;35:*.xbm=01;35:*.xpm=01;35:*.tif=01;35:*.tiff=01;35:*.png=01;35:*.svg=01;35:*.svgz=01;35:*.mng=01;35:*.pcx=01;35:*.mov=01;35:*.mpg=01;35:*.mpeg=01;35:*.m2v=01;35:*.mkv=01;35:*.webm=01;35:*.webp=01;35:*.ogm=01;35:*.mp4=01;35:*.m4v=01;35:*.mp4v=01;35:*.vob=01;35:*.qt=01;35:*.nuv=01;35:*.wmv=01;35:*.asf=01;35:*.rm=01;35:*.rmvb=01;35:*.flc=01;35:*.avi=01;35:*.fli=01;35:*.flv=01;35:*.gl=01;35:*.dl=01;35:*.xcf=01;35:*.xwd=01;35:*.yuv=01;35:*.cgm=01;35:*.emf=01;35:*.ogv=01;35:*.ogx=01;35:*.aac=00;36:*.au=00;36:*.flac=00;36:*.m4a=00;36:*.mid=00;36:*.midi=00;36:*.mka=00;36:*.mp3=00;36:*.mpc=00;36:*.ogg=00;36:*.ra=00;36:*.wav=00;36:*.oga=00;36:*.opus=00;36:*.spx=00;36:*.xspf=00;36:'), ('AMENT_PREFIX_PATH', '/opt/ros/humble'), ('DEBIAN_FRONTEND', 'noninteractive'), ('PWD', '/vehicle_1811/build/jetson_bringup'), ('LC_ALL', 'C.UTF-8'), ('PYTHONPATH', '/opt/ros/humble/lib/python3.10/site-packages:/opt/ros/humble/local/lib/python3.10/dist-packages'), ('COLCON', '1'), ('CMAKE_PREFIX_PATH', '/opt/ros/humble')]), 'shell': False}
[0.517623] (jetson_bringup) StdoutLine: {'line': b'-- Install configuration: ""\n'}
[0.518713] (jetson_bringup) StdoutLine: {'line': b'-- Installing: /vehicle_1811/install/jetson_bringup/share/ament_index/resource_index/package_run_dependencies/jetson_bringup\n'}
[0.519018] (jetson_bringup) StdoutLine: {'line': b'-- Installing: /vehicle_1811/install/jetson_bringup/share/ament_index/resource_index/parent_prefix_path/jetson_bringup\n'}
[0.519482] (jetson_bringup) StdoutLine: {'line': b'-- Installing: /vehicle_1811/install/jetson_bringup/share/jetson_bringup/environment/ament_prefix_path.sh\n'}
[0.519701] (jetson_bringup) StdoutLine: {'line': b'-- Installing: /vehicle_1811/install/jetson_bringup/share/jetson_bringup/environment/ament_prefix_path.dsv\n'}
[0.519873] (jetson_bringup) StdoutLine: {'line': b'-- Installing: /vehicle_1811/install/jetson_bringup/share/jetson_bringup/environment/path.sh\n'}
[0.520048] (jetson_bringup) StdoutLine: {'line': b'-- Installing: /vehicle_1811/install/jetson_bringup/share/jetson_bringup/environment/path.dsv\n'}
[0.520211] (jetson_bringup) StdoutLine: {'line': b'-- Installing: /vehicle_1811/install/jetson_bringup/share/jetson_bringup/local_setup.bash\n'}
[0.520397] (jetson_bringup) StdoutLine: {'line': b'-- Installing: /vehicle_1811/install/jetson_bringup/share/jetson_bringup/local_setup.sh\n'}
[0.520685] (jetson_bringup) StdoutLine: {'line': b'-- Installing: /vehicle_1811/install/jetson_bringup/share/jetson_bringup/local_setup.zsh\n'}
[0.521318] (jetson_bringup) StdoutLine: {'line': b'-- Installing: /vehicle_1811/install/jetson_bringup/share/jetson_bringup/local_setup.dsv\n'}
[0.522955] (jetson_bringup) StdoutLine: {'line': b'-- Installing: /vehicle_1811/install/jetson_bringup/share/jetson_bringup/package.dsv\n'}
[0.524341] (jetson_bringup) StdoutLine: {'line': b'-- Installing: /vehicle_1811/install/jetson_bringup/share/ament_index/resource_index/packages/jetson_bringup\n'}
[0.525702] (jetson_bringup) StdoutLine: {'line': b'-- Installing: /vehicle_1811/install/jetson_bringup/share/jetson_bringup/cmake/jetson_bringupConfig.cmake\n'}
[0.525808] (jetson_bringup) StdoutLine: {'line': b'-- Installing: /vehicle_1811/install/jetson_bringup/share/jetson_bringup/cmake/jetson_bringupConfig-version.cmake\n'}
[0.525854] (jetson_bringup) StdoutLine: {'line': b'-- Installing: /vehicle_1811/install/jetson_bringup/share/jetson_bringup/package.xml\n'}
[0.526430] (obc_bringup) CommandEnded: {'returncode': 0}
[0.526808] (obc_bringup) JobProgress: {'identifier': 'obc_bringup', 'progress': 'install'}
[0.527817] (obc_bringup) Command: {'cmd': ['/usr/bin/cmake', '--install', '/vehicle_1811/build/obc_bringup'], 'cwd': '/vehicle_1811/build/obc_bringup', 'env': OrderedDict([('HOSTNAME', '4b9e17ea1ace'), ('SHLVL', '1'), ('LD_LIBRARY_PATH', '/opt/ros/humble/lib/x86_64-linux-gnu:/opt/ros/humble/lib'), ('HOME', '/root'), ('ROS_PYTHON_VERSION', '3'), ('ROS_DISTRO', 'humble'), ('_', '/usr/bin/colcon'), ('ROS_VERSION', '2'), ('TERM', 'xterm'), ('ROS_LOCALHOST_ONLY', '0'), ('PATH', '/opt/ros/humble/bin:/usr/local/sbin:/usr/local/bin:/usr/sbin:/usr/bin:/sbin:/bin'), ('LANG', 'C.UTF-8'), ('LS_COLORS', 'rs=0:di=01;34:ln=01;36:mh=00:pi=40;33:so=01;35:do=01;35:bd=40;33;01:cd=40;33;01:or=40;31;01:mi=00:su=37;41:sg=30;43:ca=30;41:tw=30;42:ow=34;42:st=37;44:ex=01;32:*.tar=01;31:*.tgz=01;31:*.arc=01;31:*.arj=01;31:*.taz=01;31:*.lha=01;31:*.lz4=01;31:*.lzh=01;31:*.lzma=01;31:*.tlz=01;31:*.txz=01;31:*.tzo=01;31:*.t7z=01;31:*.zip=01;31:*.z=01;31:*.dz=01;31:*.gz=01;31:*.lrz=01;31:*.lz=01;31:*.lzo=01;31:*.xz=01;31:*.zst=01;31:*.tzst=01;31:*.bz2=01;31:*.bz=01;31:*.tbz=01;31:*.tbz2=01;31:*.tz=01;31:*.deb=01;31:*.rpm=01;31:*.jar=01;31:*.war=01;31:*.ear=01;31:*.sar=01;31:*.rar=01;31:*.alz=01;31:*.ace=01;31:*.zoo=01;31:*.cpio=01;31:*.7z=01;31:*.rz=01;31:*.cab=01;31:*.wim=01;31:*.swm=01;31:*.dwm=01;31:*.esd=01;31:*.jpg=01;35:*.jpeg=01;35:*.mjpg=01;35:*.mjpeg=01;35:*.gif=01;35:*.bmp=01;35:*.pbm=01;35:*.pgm=01;35:*.ppm=01;35:*.tga=01;35:*.xbm=01;35:*.xpm=01;35:*.tif=01;35:*.tiff=01;35:*.png=01;35:*.svg=01;35:*.svgz=01;35:*.mng=01;35:*.pcx=01;35:*.mov=01;35:*.mpg=01;35:*.mpeg=01;35:*.m2v=01;35:*.mkv=01;35:*.webm=01;35:*.webp=01;35:*.ogm=01;35:*.mp4=01;35:*.m4v=01;35:*.mp4v=01;35:*.vob=01;35:*.qt=01;35:*.nuv=01;35:*.wmv=01;35:*.asf=01;35:*.rm=01;35:*.rmvb=01;35:*.flc=01;35:*.avi=01;35:*.fli=01;35:*.flv=01;35:*.gl=01;35:*.dl=01;35:*.xcf=01;35:*.xwd=01;35:*.yuv=01;35:*.cgm=01;35:*.emf=01;35:*.ogv=01;35:*.ogx=01;35:*.aac=00;36:*.au=00;36:*.flac=00;36:*.m4a=00;36:*.mid=00;36:*.midi=00;36:*.mka=00;36:*.mp3=00;36:*.mpc=00;36:*.ogg=00;36:*.ra=00;36:*.wav=00;36:*.oga=00;36:*.opus=00;36:*.spx=00;36:*.xspf=00;36:'), ('AMENT_PREFIX_PATH', '/opt/ros/humble'), ('DEBIAN_FRONTEND', 'noninteractive'), ('PWD', '/vehicle_1811/build/obc_bringup'), ('LC_ALL', 'C.UTF-8'), ('PYTHONPATH', '/opt/ros/humble/lib/python3.10/site-packages:/opt/ros/humble/local/lib/python3.10/dist-packages'), ('COLCON', '1'), ('CMAKE_PREFIX_PATH', '/opt/ros/humble')]), 'shell': False}
[0.528865] (jetson_bringup) CommandEnded: {'returncode': 0}
[0.543478] (jetson_bringup) JobEnded: {'identifier': 'jetson_bringup', 'rc': 0}
[0.545962] (obc_bringup) StdoutLine: {'line': b'-- Install configuration: ""\n'}
[0.546382] (obc_bringup) StdoutLine: {'line': b'-- Installing: /vehicle_1811/install/obc_bringup/share/ament_index/resource_index/package_run_dependencies/obc_bringup\n'}
[0.546522] (obc_bringup) StdoutLine: {'line': b'-- Installing: /vehicle_1811/install/obc_bringup/share/ament_index/resource_index/parent_prefix_path/obc_bringup\n'}
[0.546719] (obc_bringup) StdoutLine: {'line': b'-- Installing: /vehicle_1811/install/obc_bringup/share/obc_bringup/environment/ament_prefix_path.sh\n'}
[0.546881] (obc_bringup) StdoutLine: {'line': b'-- Installing: /vehicle_1811/install/obc_bringup/share/obc_bringup/environment/ament_prefix_path.dsv\n'}
[0.547159] (obc_bringup) StdoutLine: {'line': b'-- Installing: /vehicle_1811/install/obc_bringup/share/obc_bringup/environment/path.sh\n'}
[0.547245] (obc_bringup) StdoutLine: {'line': b'-- Installing: /vehicle_1811/install/obc_bringup/share/obc_bringup/environment/path.dsv\n'}
[0.547404] (obc_bringup) StdoutLine: {'line': b'-- Installing: /vehicle_1811/install/obc_bringup/share/obc_bringup/local_setup.bash\n'}
[0.547542] (obc_bringup) StdoutLine: {'line': b'-- Installing: /vehicle_1811/install/obc_bringup/share/obc_bringup/local_setup.sh\n'}
[0.547998] (obc_bringup) StdoutLine: {'line': b'-- Installing: /vehicle_1811/install/obc_bringup/share/obc_bringup/local_setup.zsh\n'}
[0.548311] (obc_bringup) StdoutLine: {'line': b'-- Installing: /vehicle_1811/install/obc_bringup/share/obc_bringup/local_setup.dsv\n'}
[0.548387] (obc_bringup) StdoutLine: {'line': b'-- Installing: /vehicle_1811/install/obc_bringup/share/obc_bringup/package.dsv\n'}
[0.548458] (obc_bringup) StdoutLine: {'line': b'-- Installing: /vehicle_1811/install/obc_bringup/share/ament_index/resource_index/packages/obc_bringup\n'}
[0.548562] (obc_bringup) StdoutLine: {'line': b'-- Installing: /vehicle_1811/install/obc_bringup/share/obc_bringup/cmake/obc_bringupConfig.cmake\n'}
[0.549156] (obc_bringup) StdoutLine: {'line': b'-- Installing: /vehicle_1811/install/obc_bringup/share/obc_bringup/cmake/obc_bringupConfig-version.cmake\n'}
[0.549844] (obc_bringup) StdoutLine: {'line': b'-- Installing: /vehicle_1811/install/obc_bringup/share/obc_bringup/package.xml\n'}
[0.550136] (obc_bringup) CommandEnded: {'returncode': 0}
[0.558790] (obc_bringup) JobEnded: {'identifier': 'obc_bringup', 'rc': 0}
[0.607328] (-) TimerEvent: {}
[0.660091] (vehicle_msgs) StdoutLine: {'line': b'-- Found ament_cmake_ros: 0.10.0 (/opt/ros/humble/share/ament_cmake_ros/cmake)\n'}
[0.707457] (-) TimerEvent: {}
[0.807839] (-) TimerEvent: {}
[0.891613] (vehicle_msgs) StdoutLine: {'line': b'-- Using all available rosidl_typesupport_c: rosidl_typesupport_fastrtps_c;rosidl_typesupport_introspection_c\n'}
[0.907983] (-) TimerEvent: {}
[0.986809] (vehicle_msgs) StdoutLine: {'line': b'-- Using all available rosidl_typesupport_cpp: rosidl_typesupport_fastrtps_cpp;rosidl_typesupport_introspection_cpp\n'}
[0.997294] (vehicle_msgs) StdoutLine: {'line': b'-- Found PythonInterp: /usr/bin/python3 (found suitable version "3.10.12", minimum required is "3.6") \n'}
[0.998402] (vehicle_msgs) StdoutLine: {'line': b'-- Found python_cmake_module: 0.10.0 (/opt/ros/humble/share/python_cmake_module/cmake)\n'}
[1.008083] (-) TimerEvent: {}
[1.013557] (vehicle_msgs) StdoutLine: {'line': b'-- Found PythonLibs: /usr/lib/x86_64-linux-gnu/libpython3.10.so (found suitable version "3.10.12", minimum required is "3.5") \n'}
[1.013761] (vehicle_msgs) StdoutLine: {'line': b'-- Using PYTHON_EXECUTABLE: /usr/bin/python3\n'}
[1.013851] (vehicle_msgs) StdoutLine: {'line': b'-- Using PYTHON_INCLUDE_DIRS: /usr/include/python3.10\n'}
[1.013926] (vehicle_msgs) StdoutLine: {'line': b'-- Using PYTHON_LIBRARIES: /usr/lib/x86_64-linux-gnu/libpython3.10.so\n'}
[1.024838] (vehicle_msgs) StdoutLine: {'line': b'-- Found PythonExtra: .so  \n'}
[1.107610] (vehicle_msgs) StdoutLine: {'line': b"-- Added test 'lint_cmake' to check CMake code style\n"}
[1.108185] (-) TimerEvent: {}
[1.108943] (vehicle_msgs) StdoutLine: {'line': b"-- Added test 'xmllint' to check XML markup files\n"}
[1.115210] (vehicle_msgs) StdoutLine: {'line': b'-- Configuring done\n'}
[1.158442] (vehicle_msgs) StdoutLine: {'line': b'-- Generating done\n'}
[1.170608] (vehicle_msgs) StdoutLine: {'line': b'-- Build files have been written to: /vehicle_1811/build/vehicle_msgs\n'}
[1.180775] (vehicle_msgs) CommandEnded: {'returncode': 0}
[1.182964] (vehicle_msgs) JobProgress: {'identifier': 'vehicle_msgs', 'progress': 'build'}
[1.183123] (vehicle_msgs) Command: {'cmd': ['/usr/bin/cmake', '--build', '/vehicle_1811/build/vehicle_msgs', '--', '-j24', '-l24'], 'cwd': '/vehicle_1811/build/vehicle_msgs', 'env': OrderedDict([('HOSTNAME', '4b9e17ea1ace'), ('SHLVL', '1'), ('LD_LIBRARY_PATH', '/opt/ros/humble/lib/x86_64-linux-gnu:/opt/ros/humble/lib'), ('HOME', '/root'), ('ROS_PYTHON_VERSION', '3'), ('ROS_DISTRO', 'humble'), ('_', '/usr/bin/colcon'), ('ROS_VERSION', '2'), ('TERM', 'xterm'), ('ROS_LOCALHOST_ONLY', '0'), ('PATH', '/opt/ros/humble/bin:/usr/local/sbin:/usr/local/bin:/usr/sbin:/usr/bin:/sbin:/bin'), ('LANG', 'C.UTF-8'), ('LS_COLORS', 'rs=0:di=01;34:ln=01;36:mh=00:pi=40;33:so=01;35:do=01;35:bd=40;33;01:cd=40;33;01:or=40;31;01:mi=00:su=37;41:sg=30;43:ca=30;41:tw=30;42:ow=34;42:st=37;44:ex=01;32:*.tar=01;31:*.tgz=01;31:*.arc=01;31:*.arj=01;31:*.taz=01;31:*.lha=01;31:*.lz4=01;31:*.lzh=01;31:*.lzma=01;31:*.tlz=01;31:*.txz=01;31:*.tzo=01;31:*.t7z=01;31:*.zip=01;31:*.z=01;31:*.dz=01;31:*.gz=01;31:*.lrz=01;31:*.lz=01;31:*.lzo=01;31:*.xz=01;31:*.zst=01;31:*.tzst=01;31:*.bz2=01;31:*.bz=01;31:*.tbz=01;31:*.tbz2=01;31:*.tz=01;31:*.deb=01;31:*.rpm=01;31:*.jar=01;31:*.war=01;31:*.ear=01;31:*.sar=01;31:*.rar=01;31:*.alz=01;31:*.ace=01;31:*.zoo=01;31:*.cpio=01;31:*.7z=01;31:*.rz=01;31:*.cab=01;31:*.wim=01;31:*.swm=01;31:*.dwm=01;31:*.esd=01;31:*.jpg=01;35:*.jpeg=01;35:*.mjpg=01;35:*.mjpeg=01;35:*.gif=01;35:*.bmp=01;35:*.pbm=01;35:*.pgm=01;35:*.ppm=01;35:*.tga=01;35:*.xbm=01;35:*.xpm=01;35:*.tif=01;35:*.tiff=01;35:*.png=01;35:*.svg=01;35:*.svgz=01;35:*.mng=01;35:*.pcx=01;35:*.mov=01;35:*.mpg=01;35:*.mpeg=01;35:*.m2v=01;35:*.mkv=01;35:*.webm=01;35:*.webp=01;35:*.ogm=01;35:*.mp4=01;35:*.m4v=01;35:*.mp4v=01;35:*.vob=01;35:*.qt=01;35:*.nuv=01;35:*.wmv=01;35:*.asf=01;35:*.rm=01;35:*.rmvb=01;35:*.flc=01;35:*.avi=01;35:*.fli=01;35:*.flv=01;35:*.gl=01;35:*.dl=01;35:*.xcf=01;35:*.xwd=01;35:*.yuv=01;35:*.cgm=01;35:*.emf=01;35:*.ogv=01;35:*.ogx=01;35:*.aac=00;36:*.au=00;36:*.flac=00;36:*.m4a=00;36:*.mid=00;36:*.midi=00;36:*.mka=00;36:*.mp3=00;36:*.mpc=00;36:*.ogg=00;36:*.ra=00;36:*.wav=00;36:*.oga=00;36:*.opus=00;36:*.spx=00;36:*.xspf=00;36:'), ('AMENT_PREFIX_PATH', '/opt/ros/humble'), ('DEBIAN_FRONTEND', 'noninteractive'), ('PWD', '/vehicle_1811/build/vehicle_msgs'), ('LC_ALL', 'C.UTF-8'), ('PYTHONPATH', '/opt/ros/humble/lib/python3.10/site-packages:/opt/ros/humble/local/lib/python3.10/dist-packages'), ('COLCON', '1'), ('CMAKE_PREFIX_PATH', '/opt/ros/humble')]), 'shell': False}
[1.208355] (-) TimerEvent: {}
[1.214895] (vehicle_msgs) StdoutLine: {'line': b'[  1%] \x1b[34m\x1b[1mGenerating C code for ROS interfaces\x1b[0m\n'}
[1.224981] (vehicle_msgs) StdoutLine: {'line': b'[  3%] \x1b[34m\x1b[1mGenerating C++ code for ROS interfaces\x1b[0m\n'}
[1.225566] (vehicle_msgs) StdoutLine: {'line': b'[  5%] \x1b[34m\x1b[1mGenerating Rust code for ROS interfaces\x1b[0m\n'}
[1.235751] (vehicle_msgs) StdoutLine: {'line': b'[  5%] Built target ament_cmake_python_copy_vehicle_msgs\n'}
[1.308477] (-) TimerEvent: {}
[1.408914] (-) TimerEvent: {}
[1.421590] (vehicle_msgs) StdoutLine: {'line': b'running egg_info\n'}
[1.422309] (vehicle_msgs) StdoutLine: {'line': b'creating vehicle_msgs.egg-info\n'}
[1.422940] (vehicle_msgs) StdoutLine: {'line': b'writing vehicle_msgs.egg-info/PKG-INFO\n'}
[1.423627] (vehicle_msgs) StdoutLine: {'line': b'writing dependency_links to vehicle_msgs.egg-info/dependency_links.txt\n'}
[1.424303] (vehicle_msgs) StdoutLine: {'line': b'writing top-level names to vehicle_msgs.egg-info/top_level.txt\n'}
[1.424454] (vehicle_msgs) StdoutLine: {'line': b"writing manifest file 'vehicle_msgs.egg-info/SOURCES.txt'\n"}
[1.425982] (vehicle_msgs) StdoutLine: {'line': b"reading manifest file 'vehicle_msgs.egg-info/SOURCES.txt'\n"}
[1.426997] (vehicle_msgs) StdoutLine: {'line': b"writing manifest file 'vehicle_msgs.egg-info/SOURCES.txt'\n"}
[1.461726] (vehicle_msgs) StdoutLine: {'line': b'[  5%] Built target ament_cmake_python_build_vehicle_msgs_egg\n'}
[1.483638] (vehicle_msgs) StdoutLine: {'line': b'[  5%] Built target vehicle_msgs__rs\n'}
[1.509119] (-) TimerEvent: {}
[1.587625] (vehicle_msgs) StdoutLine: {'line': b'[  5%] Built target vehicle_msgs__cpp\n'}
[1.594773] (vehicle_msgs) StdoutLine: {'line': b'[  8%] \x1b[32mBuilding C object CMakeFiles/vehicle_msgs__rosidl_generator_c.dir/rosidl_generator_c/vehicle_msgs/msg/detail/vehicle_command__functions.c.o\x1b[0m\n'}
[1.595151] (vehicle_msgs) StdoutLine: {'line': b'[  8%] \x1b[32mBuilding C object CMakeFiles/vehicle_msgs__rosidl_generator_c.dir/rosidl_generator_c/vehicle_msgs/msg/detail/vehicle_state__functions.c.o\x1b[0m\n'}
[1.595700] (vehicle_msgs) StdoutLine: {'line': b'[ 10%] \x1b[32mBuilding C object CMakeFiles/vehicle_msgs__rosidl_generator_c.dir/rosidl_generator_c/vehicle_msgs/msg/detail/detection_array__functions.c.o\x1b[0m\n'}
[1.596467] (vehicle_msgs) StdoutLine: {'line': b'[ 12%] \x1b[34m\x1b[1mGenerating C++ type support for eProsima Fast-RTPS\x1b[0m\n'}
[1.596765] (vehicle_msgs) StdoutLine: {'line': b'[ 14%] \x1b[34m\x1b[1mGenerating C++ introspection for ROS interfaces\x1b[0m\n'}
[1.600992] (vehicle_msgs) StdoutLine: {'line': b'[ 16%] \x1b[32mBuilding C object CMakeFiles/vehicle_msgs__rosidl_generator_c.dir/rosidl_generator_c/vehicle_msgs/msg/detail/detection__functions.c.o\x1b[0m\n'}
[1.602682] (vehicle_msgs) StdoutLine: {'line': b'[ 17%] \x1b[34m\x1b[1mGenerating C++ type support dispatch for ROS interfaces\x1b[0m\n'}
[1.609355] (-) TimerEvent: {}
[1.666930] (vehicle_msgs) StdoutLine: {'line': b'[ 19%] \x1b[32m\x1b[1mLinking C shared library libvehicle_msgs__rosidl_generator_c.so\x1b[0m\n'}
[1.701215] (vehicle_msgs) StdoutLine: {'line': b'[ 19%] Built target vehicle_msgs__rosidl_generator_c\n'}
[1.709497] (-) TimerEvent: {}
[1.711981] (vehicle_msgs) StdoutLine: {'line': b'[ 23%] \x1b[34m\x1b[1mGenerating C type support dispatch for ROS interfaces\x1b[0m\n'}
[1.712212] (vehicle_msgs) StdoutLine: {'line': b'[ 23%] \x1b[34m\x1b[1mGenerating C type support for eProsima Fast-RTPS\x1b[0m\n'}
[1.724232] (vehicle_msgs) StdoutLine: {'line': b'[ 25%] \x1b[34m\x1b[1mGenerating C introspection for ROS interfaces\x1b[0m\n'}
[1.809752] (-) TimerEvent: {}
[1.880334] (vehicle_msgs) StdoutLine: {'line': b'[ 26%] \x1b[32mBuilding CXX object CMakeFiles/vehicle_msgs__rosidl_typesupport_cpp.dir/rosidl_typesupport_cpp/vehicle_msgs/msg/vehicle_command__type_support.cpp.o\x1b[0m\n'}
[1.885724] (vehicle_msgs) StdoutLine: {'line': b'[ 28%] \x1b[32mBuilding CXX object CMakeFiles/vehicle_msgs__rosidl_typesupport_cpp.dir/rosidl_typesupport_cpp/vehicle_msgs/msg/detection__type_support.cpp.o\x1b[0m\n'}
[1.888651] (vehicle_msgs) StdoutLine: {'line': b'[ 30%] \x1b[32mBuilding CXX object CMakeFiles/vehicle_msgs__rosidl_typesupport_cpp.dir/rosidl_typesupport_cpp/vehicle_msgs/msg/vehicle_state__type_support.cpp.o\x1b[0m\n'}
[1.889575] (vehicle_msgs) StdoutLine: {'line': b'[ 32%] \x1b[32mBuilding CXX object CMakeFiles/vehicle_msgs__rosidl_typesupport_cpp.dir/rosidl_typesupport_cpp/vehicle_msgs/msg/detection_array__type_support.cpp.o\x1b[0m\n'}
[1.910039] (-) TimerEvent: {}
[1.913216] (vehicle_msgs) StdoutLine: {'line': b'[ 33%] \x1b[32mBuilding CXX object CMakeFiles/vehicle_msgs__rosidl_typesupport_introspection_cpp.dir/rosidl_typesupport_introspection_cpp/vehicle_msgs/msg/detail/detection_array__type_support.cpp.o\x1b[0m\n'}
[1.914579] (vehicle_msgs) StdoutLine: {'line': b'[ 35%] \x1b[32mBuilding CXX object CMakeFiles/vehicle_msgs__rosidl_typesupport_introspection_cpp.dir/rosidl_typesupport_introspection_cpp/vehicle_msgs/msg/detail/detection__type_support.cpp.o\x1b[0m\n'}
[1.915712] (vehicle_msgs) StdoutLine: {'line': b'[ 37%] \x1b[32mBuilding CXX object CMakeFiles/vehicle_msgs__rosidl_typesupport_introspection_cpp.dir/rosidl_typesupport_introspection_cpp/vehicle_msgs/msg/detail/vehicle_state__type_support.cpp.o\x1b[0m\n'}
[1.924648] (vehicle_msgs) StdoutLine: {'line': b'[ 39%] \x1b[32mBuilding CXX object CMakeFiles/vehicle_msgs__rosidl_typesupport_introspection_cpp.dir/rosidl_typesupport_introspection_cpp/vehicle_msgs/msg/detail/vehicle_command__type_support.cpp.o\x1b[0m\n'}
[1.940141] (vehicle_msgs) StdoutLine: {'line': b'[ 41%] \x1b[32mBuilding CXX object CMakeFiles/vehicle_msgs__rosidl_typesupport_fastrtps_cpp.dir/rosidl_typesupport_fastrtps_cpp/vehicle_msgs/msg/detail/dds_fastrtps/detection_array__type_support.cpp.o\x1b[0m\n'}
[1.942124] (vehicle_msgs) StdoutLine: {'line': b'[ 42%] \x1b[32mBuilding CXX object CMakeFiles/vehicle_msgs__rosidl_typesupport_fastrtps_cpp.dir/rosidl_typesupport_fastrtps_cpp/vehicle_msgs/msg/detail/dds_fastrtps/vehicle_command__type_support.cpp.o\x1b[0m\n'}
[1.946692] (vehicle_msgs) StdoutLine: {'line': b'[ 44%] \x1b[32mBuilding CXX object CMakeFiles/vehicle_msgs__rosidl_typesupport_fastrtps_cpp.dir/rosidl_typesupport_fastrtps_cpp/vehicle_msgs/msg/detail/dds_fastrtps/detection__type_support.cpp.o\x1b[0m\n'}
[1.956982] (vehicle_msgs) StdoutLine: {'line': b'[ 46%] \x1b[32mBuilding CXX object CMakeFiles/vehicle_msgs__rosidl_typesupport_fastrtps_cpp.dir/rosidl_typesupport_fastrtps_cpp/vehicle_msgs/msg/detail/dds_fastrtps/vehicle_state__type_support.cpp.o\x1b[0m\n'}
[2.010331] (-) TimerEvent: {}
[2.064954] (vehicle_msgs) StdoutLine: {'line': b'[ 48%] \x1b[32mBuilding CXX object CMakeFiles/vehicle_msgs__rosidl_typesupport_c.dir/rosidl_typesupport_c/vehicle_msgs/msg/detection__type_support.cpp.o\x1b[0m\n'}
[2.068497] (vehicle_msgs) StdoutLine: {'line': b'[ 50%] \x1b[32mBuilding CXX object CMakeFiles/vehicle_msgs__rosidl_typesupport_c.dir/rosidl_typesupport_c/vehicle_msgs/msg/detection_array__type_support.cpp.o\x1b[0m\n'}
[2.069070] (vehicle_msgs) StdoutLine: {'line': b'[ 51%] \x1b[32mBuilding CXX object CMakeFiles/vehicle_msgs__rosidl_typesupport_c.dir/rosidl_typesupport_c/vehicle_msgs/msg/vehicle_command__type_support.cpp.o\x1b[0m\n'}
[2.073831] (vehicle_msgs) StdoutLine: {'line': b'[ 53%] \x1b[32mBuilding CXX object CMakeFiles/vehicle_msgs__rosidl_typesupport_c.dir/rosidl_typesupport_c/vehicle_msgs/msg/vehicle_state__type_support.cpp.o\x1b[0m\n'}
[2.110649] (-) TimerEvent: {}
[2.141178] (vehicle_msgs) StdoutLine: {'line': b'[ 55%] \x1b[32m\x1b[1mLinking CXX shared library libvehicle_msgs__rosidl_typesupport_c.so\x1b[0m\n'}
[2.143305] (vehicle_msgs) StdoutLine: {'line': b'[ 57%] \x1b[32mBuilding CXX object CMakeFiles/vehicle_msgs__rosidl_typesupport_fastrtps_c.dir/rosidl_typesupport_fastrtps_c/vehicle_msgs/msg/detail/detection_array__type_support_c.cpp.o\x1b[0m\n'}
[2.144644] (vehicle_msgs) StdoutLine: {'line': b'[ 60%] \x1b[32mBuilding CXX object CMakeFiles/vehicle_msgs__rosidl_typesupport_fastrtps_c.dir/rosidl_typesupport_fastrtps_c/vehicle_msgs/msg/detail/detection__type_support_c.cpp.o\x1b[0m\n'}
[2.145041] (vehicle_msgs) StdoutLine: {'line': b'[ 60%] \x1b[32mBuilding CXX object CMakeFiles/vehicle_msgs__rosidl_typesupport_fastrtps_c.dir/rosidl_typesupport_fastrtps_c/vehicle_msgs/msg/detail/vehicle_command__type_support_c.cpp.o\x1b[0m\n'}
[2.151678] (vehicle_msgs) StdoutLine: {'line': b'[ 62%] \x1b[32mBuilding CXX object CMakeFiles/vehicle_msgs__rosidl_typesupport_fastrtps_c.dir/rosidl_typesupport_fastrtps_c/vehicle_msgs/msg/detail/vehicle_state__type_support_c.cpp.o\x1b[0m\n'}
[2.152543] (vehicle_msgs) StdoutLine: {'line': b'[ 64%] \x1b[32mBuilding C object CMakeFiles/vehicle_msgs__rosidl_typesupport_introspection_c.dir/rosidl_typesupport_introspection_c/vehicle_msgs/msg/detail/detection_array__type_support.c.o\x1b[0m\n'}
[2.153451] (vehicle_msgs) StdoutLine: {'line': b'[ 66%] \x1b[32mBuilding C object CMakeFiles/vehicle_msgs__rosidl_typesupport_introspection_c.dir/rosidl_typesupport_introspection_c/vehicle_msgs/msg/detail/vehicle_state__type_support.c.o\x1b[0m\n'}
[2.160527] (vehicle_msgs) StdoutLine: {'line': b'[ 67%] \x1b[32mBuilding C object CMakeFiles/vehicle_msgs__rosidl_typesupport_introspection_c.dir/rosidl_typesupport_introspection_c/vehicle_msgs/msg/detail/detection__type_support.c.o\x1b[0m\n'}
[2.161683] (vehicle_msgs) StdoutLine: {'line': b'[ 69%] \x1b[32mBuilding C object CMakeFiles/vehicle_msgs__rosidl_typesupport_introspection_c.dir/rosidl_typesupport_introspection_c/vehicle_msgs/msg/detail/vehicle_command__type_support.c.o\x1b[0m\n'}
[2.211084] (-) TimerEvent: {}
[2.243268] (vehicle_msgs) StdoutLine: {'line': b'[ 71%] \x1b[32m\x1b[1mLinking C shared library libvehicle_msgs__rosidl_typesupport_introspection_c.so\x1b[0m\n'}
[2.246738] (vehicle_msgs) StdoutLine: {'line': b'[ 71%] Built target vehicle_msgs__rosidl_typesupport_c\n'}
[2.311413] (-) TimerEvent: {}
[2.313731] (vehicle_msgs) StdoutLine: {'line': b'[ 71%] Built target vehicle_msgs__rosidl_typesupport_introspection_c\n'}
[2.411643] (-) TimerEvent: {}
[2.498645] (vehicle_msgs) StdoutLine: {'line': b'[ 73%] \x1b[32m\x1b[1mLinking CXX shared library libvehicle_msgs__rosidl_typesupport_cpp.so\x1b[0m\n'}
[2.511943] (-) TimerEvent: {}
[2.566596] (vehicle_msgs) StdoutLine: {'line': b'[ 73%] Built target vehicle_msgs__rosidl_typesupport_cpp\n'}
[2.612140] (-) TimerEvent: {}
[2.627082] (vehicle_msgs) StdoutLine: {'line': b'[ 76%] \x1b[32m\x1b[1mLinking CXX shared library libvehicle_msgs__rosidl_typesupport_introspection_cpp.so\x1b[0m\n'}
[2.627741] (vehicle_msgs) StdoutLine: {'line': b'[ 76%] \x1b[32m\x1b[1mLinking CXX shared library libvehicle_msgs__rosidl_typesupport_fastrtps_c.so\x1b[0m\n'}
[2.646332] (vehicle_msgs) StdoutLine: {'line': b'[ 78%] \x1b[32m\x1b[1mLinking CXX shared library libvehicle_msgs__rosidl_typesupport_fastrtps_cpp.so\x1b[0m\n'}
[2.687446] (vehicle_msgs) StdoutLine: {'line': b'[ 78%] Built target vehicle_msgs__rosidl_typesupport_introspection_cpp\n'}
[2.689315] (vehicle_msgs) StdoutLine: {'line': b'[ 78%] Built target vehicle_msgs__rosidl_typesupport_fastrtps_c\n'}
[2.707587] (vehicle_msgs) StdoutLine: {'line': b'[ 78%] Built target vehicle_msgs__rosidl_typesupport_fastrtps_cpp\n'}
[2.712278] (-) TimerEvent: {}
[2.723686] (vehicle_msgs) StdoutLine: {'line': b'[ 78%] Built target vehicle_msgs\n'}
[2.741347] (vehicle_msgs) StdoutLine: {'line': b'[ 80%] \x1b[34m\x1b[1mGenerating Python code for ROS interfaces\x1b[0m\n'}
[2.812976] (-) TimerEvent: {}
[2.914702] (-) TimerEvent: {}
[3.018232] (-) TimerEvent: {}
[3.069689] (vehicle_msgs) StdoutLine: {'line': b'[ 80%] Built target vehicle_msgs__py\n'}
[3.086937] (vehicle_msgs) StdoutLine: {'line': b'[ 82%] \x1b[32mBuilding C object CMakeFiles/vehicle_msgs__rosidl_generator_py.dir/rosidl_generator_py/vehicle_msgs/msg/_vehicle_command_s.c.o\x1b[0m\n'}
[3.087472] (vehicle_msgs) StdoutLine: {'line': b'[ 85%] \x1b[32mBuilding C object CMakeFiles/vehicle_msgs__rosidl_generator_py.dir/rosidl_generator_py/vehicle_msgs/msg/_detection_array_s.c.o\x1b[0m\n'}
[3.087603] (vehicle_msgs) StdoutLine: {'line': b'[ 85%] \x1b[32mBuilding C object CMakeFiles/vehicle_msgs__rosidl_generator_py.dir/rosidl_generator_py/vehicle_msgs/msg/_detection_s.c.o\x1b[0m\n'}
[3.087994] (vehicle_msgs) StdoutLine: {'line': b'[ 87%] \x1b[32mBuilding C object CMakeFiles/vehicle_msgs__rosidl_generator_py.dir/rosidl_generator_py/vehicle_msgs/msg/_vehicle_state_s.c.o\x1b[0m\n'}
[3.118423] (-) TimerEvent: {}
[3.170554] (vehicle_msgs) StdoutLine: {'line': b'[ 89%] \x1b[32m\x1b[1mLinking C shared library rosidl_generator_py/vehicle_msgs/libvehicle_msgs__rosidl_generator_py.so\x1b[0m\n'}
[3.205287] (vehicle_msgs) StdoutLine: {'line': b'[ 89%] Built target vehicle_msgs__rosidl_generator_py\n'}
[3.219007] (-) TimerEvent: {}
[3.223932] (vehicle_msgs) StdoutLine: {'line': b'[ 94%] \x1b[32mBuilding C object CMakeFiles/vehicle_msgs__rosidl_typesupport_fastrtps_c__pyext.dir/rosidl_generator_py/vehicle_msgs/_vehicle_msgs_s.ep.rosidl_typesupport_fastrtps_c.c.o\x1b[0m\n'}
[3.224304] (vehicle_msgs) StdoutLine: {'line': b'[ 94%] \x1b[32mBuilding C object CMakeFiles/vehicle_msgs__rosidl_typesupport_c__pyext.dir/rosidl_generator_py/vehicle_msgs/_vehicle_msgs_s.ep.rosidl_typesupport_c.c.o\x1b[0m\n'}
[3.224476] (vehicle_msgs) StdoutLine: {'line': b'[ 94%] \x1b[32mBuilding C object CMakeFiles/vehicle_msgs__rosidl_typesupport_introspection_c__pyext.dir/rosidl_generator_py/vehicle_msgs/_vehicle_msgs_s.ep.rosidl_typesupport_introspection_c.c.o\x1b[0m\n'}
[3.300529] (vehicle_msgs) StdoutLine: {'line': b'[ 98%] \x1b[32m\x1b[1mLinking C shared library rosidl_generator_py/vehicle_msgs/vehicle_msgs_s__rosidl_typesupport_fastrtps_c.cpython-310-x86_64-linux-gnu.so\x1b[0m\n'}
[3.300771] (vehicle_msgs) StdoutLine: {'line': b'[ 98%] \x1b[32m\x1b[1mLinking C shared library rosidl_generator_py/vehicle_msgs/vehicle_msgs_s__rosidl_typesupport_c.cpython-310-x86_64-linux-gnu.so\x1b[0m\n'}
[3.304177] (vehicle_msgs) StdoutLine: {'line': b'[100%] \x1b[32m\x1b[1mLinking C shared library rosidl_generator_py/vehicle_msgs/vehicle_msgs_s__rosidl_typesupport_introspection_c.cpython-310-x86_64-linux-gnu.so\x1b[0m\n'}
[3.319647] (-) TimerEvent: {}
[3.330842] (vehicle_msgs) StdoutLine: {'line': b'[100%] Built target vehicle_msgs__rosidl_typesupport_c__pyext\n'}
[3.331249] (vehicle_msgs) StdoutLine: {'line': b'[100%] Built target vehicle_msgs__rosidl_typesupport_fastrtps_c__pyext\n'}
[3.334486] (vehicle_msgs) StdoutLine: {'line': b'[100%] Built target vehicle_msgs__rosidl_typesupport_introspection_c__pyext\n'}
[3.345543] (vehicle_msgs) CommandEnded: {'returncode': 0}
[3.346715] (vehicle_msgs) JobProgress: {'identifier': 'vehicle_msgs', 'progress': 'install'}
[3.347603] (vehicle_msgs) Command: {'cmd': ['/usr/bin/cmake', '--install', '/vehicle_1811/build/vehicle_msgs'], 'cwd': '/vehicle_1811/build/vehicle_msgs', 'env': OrderedDict([('HOSTNAME', '4b9e17ea1ace'), ('SHLVL', '1'), ('LD_LIBRARY_PATH', '/opt/ros/humble/lib/x86_64-linux-gnu:/opt/ros/humble/lib'), ('HOME', '/root'), ('ROS_PYTHON_VERSION', '3'), ('ROS_DISTRO', 'humble'), ('_', '/usr/bin/colcon'), ('ROS_VERSION', '2'), ('TERM', 'xterm'), ('ROS_LOCALHOST_ONLY', '0'), ('PATH', '/opt/ros/humble/bin:/usr/local/sbin:/usr/local/bin:/usr/sbin:/usr/bin:/sbin:/bin'), ('LANG', 'C.UTF-8'), ('LS_COLORS', 'rs=0:di=01;34:ln=01;36:mh=00:pi=40;33:so=01;35:do=01;35:bd=40;33;01:cd=40;33;01:or=40;31;01:mi=00:su=37;41:sg=30;43:ca=30;41:tw=30;42:ow=34;42:st=37;44:ex=01;32:*.tar=01;31:*.tgz=01;31:*.arc=01;31:*.arj=01;31:*.taz=01;31:*.lha=01;31:*.lz4=01;31:*.lzh=01;31:*.lzma=01;31:*.tlz=01;31:*.txz=01;31:*.tzo=01;31:*.t7z=01;31:*.zip=01;31:*.z=01;31:*.dz=01;31:*.gz=01;31:*.lrz=01;31:*.lz=01;31:*.lzo=01;31:*.xz=01;31:*.zst=01;31:*.tzst=01;31:*.bz2=01;31:*.bz=01;31:*.tbz=01;31:*.tbz2=01;31:*.tz=01;31:*.deb=01;31:*.rpm=01;31:*.jar=01;31:*.war=01;31:*.ear=01;31:*.sar=01;31:*.rar=01;31:*.alz=01;31:*.ace=01;31:*.zoo=01;31:*.cpio=01;31:*.7z=01;31:*.rz=01;31:*.cab=01;31:*.wim=01;31:*.swm=01;31:*.dwm=01;31:*.esd=01;31:*.jpg=01;35:*.jpeg=01;35:*.mjpg=01;35:*.mjpeg=01;35:*.gif=01;35:*.bmp=01;35:*.pbm=01;35:*.pgm=01;35:*.ppm=01;35:*.tga=01;35:*.xbm=01;35:*.xpm=01;35:*.tif=01;35:*.tiff=01;35:*.png=01;35:*.svg=01;35:*.svgz=01;35:*.mng=01;35:*.pcx=01;35:*.mov=01;35:*.mpg=01;35:*.mpeg=01;35:*.m2v=01;35:*.mkv=01;35:*.webm=01;35:*.webp=01;35:*.ogm=01;35:*.mp4=01;35:*.m4v=01;35:*.mp4v=01;35:*.vob=01;35:*.qt=01;35:*.nuv=01;35:*.wmv=01;35:*.asf=01;35:*.rm=01;35:*.rmvb=01;35:*.flc=01;35:*.avi=01;35:*.fli=01;35:*.flv=01;35:*.gl=01;35:*.dl=01;35:*.xcf=01;35:*.xwd=01;35:*.yuv=01;35:*.cgm=01;35:*.emf=01;35:*.ogv=01;35:*.ogx=01;35:*.aac=00;36:*.au=00;36:*.flac=00;36:*.m4a=00;36:*.mid=00;36:*.midi=00;36:*.mka=00;36:*.mp3=00;36:*.mpc=00;36:*.ogg=00;36:*.ra=00;36:*.wav=00;36:*.oga=00;36:*.opus=00;36:*.spx=00;36:*.xspf=00;36:'), ('AMENT_PREFIX_PATH', '/opt/ros/humble'), ('DEBIAN_FRONTEND', 'noninteractive'), ('PWD', '/vehicle_1811/build/vehicle_msgs'), ('LC_ALL', 'C.UTF-8'), ('PYTHONPATH', '/opt/ros/humble/lib/python3.10/site-packages:/opt/ros/humble/local/lib/python3.10/dist-packages'), ('COLCON', '1'), ('CMAKE_PREFIX_PATH', '/opt/ros/humble')]), 'shell': False}
[3.353519] (vehicle_msgs) StdoutLine: {'line': b'-- Install configuration: ""\n'}
[3.355432] (vehicle_msgs) StdoutLine: {'line': b'-- Installing: /vehicle_1811/install/vehicle_msgs/share/ament_index/resource_index/rosidl_interfaces/vehicle_msgs\n'}
[3.356290] (vehicle_msgs) StdoutLine: {'line': b'-- Installing: /vehicle_1811/install/vehicle_msgs/include/vehicle_msgs/vehicle_msgs\n'}
[3.356761] (vehicle_msgs) StdoutLine: {'line': b'-- Installing: /vehicle_1811/install/vehicle_msgs/include/vehicle_msgs/vehicle_msgs/msg\n'}
[3.357007] (vehicle_msgs) StdoutLine: {'line': b'-- Installing: /vehicle_1811/install/vehicle_msgs/include/vehicle_msgs/vehicle_msgs/msg/vehicle_state.h\n'}
[3.357527] (vehicle_msgs) StdoutLine: {'line': b'-- Installing: /vehicle_1811/install/vehicle_msgs/include/vehicle_msgs/vehicle_msgs/msg/detail\n'}
[3.358058] (vehicle_msgs) StdoutLine: {'line': b'-- Installing: /vehicle_1811/install/vehicle_msgs/include/vehicle_msgs/vehicle_msgs/msg/detail/vehicle_state__functions.c\n'}
[3.358817] (vehicle_msgs) StdoutLine: {'line': b'-- Installing: /vehicle_1811/install/vehicle_msgs/include/vehicle_msgs/vehicle_msgs/msg/detail/detection_array__type_support.h\n'}
[3.358963] (vehicle_msgs) StdoutLine: {'line': b'-- Installing: /vehicle_1811/install/vehicle_msgs/include/vehicle_msgs/vehicle_msgs/msg/detail/vehicle_command__functions.c\n'}
[3.359356] (vehicle_msgs) StdoutLine: {'line': b'-- Installing: /vehicle_1811/install/vehicle_msgs/include/vehicle_msgs/vehicle_msgs/msg/detail/vehicle_state__type_support.h\n'}
[3.359522] (vehicle_msgs) StdoutLine: {'line': b'-- Installing: /vehicle_1811/install/vehicle_msgs/include/vehicle_msgs/vehicle_msgs/msg/detail/vehicle_state__struct.h\n'}
[3.359767] (vehicle_msgs) StdoutLine: {'line': b'-- Installing: /vehicle_1811/install/vehicle_msgs/include/vehicle_msgs/vehicle_msgs/msg/detail/vehicle_command__functions.h\n'}
[3.359976] (vehicle_msgs) StdoutLine: {'line': b'-- Installing: /vehicle_1811/install/vehicle_msgs/include/vehicle_msgs/vehicle_msgs/msg/detail/detection_array__functions.h\n'}
[3.360184] (vehicle_msgs) StdoutLine: {'line': b'-- Installing: /vehicle_1811/install/vehicle_msgs/include/vehicle_msgs/vehicle_msgs/msg/detail/detection__struct.h\n'}
[3.360262] (vehicle_msgs) StdoutLine: {'line': b'-- Installing: /vehicle_1811/install/vehicle_msgs/include/vehicle_msgs/vehicle_msgs/msg/detail/vehicle_state__functions.h\n'}
[3.360323] (vehicle_msgs) StdoutLine: {'line': b'-- Installing: /vehicle_1811/install/vehicle_msgs/include/vehicle_msgs/vehicle_msgs/msg/detail/detection__type_support.h\n'}
[3.360355] (vehicle_msgs) StdoutLine: {'line': b'-- Installing: /vehicle_1811/install/vehicle_msgs/include/vehicle_msgs/vehicle_msgs/msg/detail/detection__functions.h\n'}
[3.360380] (vehicle_msgs) StdoutLine: {'line': b'-- Installing: /vehicle_1811/install/vehicle_msgs/include/vehicle_msgs/vehicle_msgs/msg/detail/vehicle_command__struct.h\n'}
[3.360403] (vehicle_msgs) StdoutLine: {'line': b'-- Installing: /vehicle_1811/install/vehicle_msgs/include/vehicle_msgs/vehicle_msgs/msg/detail/detection_array__struct.h\n'}
[3.360426] (vehicle_msgs) StdoutLine: {'line': b'-- Installing: /vehicle_1811/install/vehicle_msgs/include/vehicle_msgs/vehicle_msgs/msg/detail/detection_array__functions.c\n'}
[3.360448] (vehicle_msgs) StdoutLine: {'line': b'-- Installing: /vehicle_1811/install/vehicle_msgs/include/vehicle_msgs/vehicle_msgs/msg/detail/detection__functions.c\n'}
[3.360472] (vehicle_msgs) StdoutLine: {'line': b'-- Installing: /vehicle_1811/install/vehicle_msgs/include/vehicle_msgs/vehicle_msgs/msg/detail/vehicle_command__type_support.h\n'}
[3.360618] (vehicle_msgs) StdoutLine: {'line': b'-- Installing: /vehicle_1811/install/vehicle_msgs/include/vehicle_msgs/vehicle_msgs/msg/vehicle_command.h\n'}
[3.360715] (vehicle_msgs) StdoutLine: {'line': b'-- Installing: /vehicle_1811/install/vehicle_msgs/include/vehicle_msgs/vehicle_msgs/msg/detection_array.h\n'}
[3.360906] (vehicle_msgs) StdoutLine: {'line': b'-- Installing: /vehicle_1811/install/vehicle_msgs/include/vehicle_msgs/vehicle_msgs/msg/detection.h\n'}
[3.361050] (vehicle_msgs) StdoutLine: {'line': b'-- Installing: /vehicle_1811/install/vehicle_msgs/include/vehicle_msgs/vehicle_msgs/msg/rosidl_generator_c__visibility_control.h\n'}
[3.361098] (vehicle_msgs) StdoutLine: {'line': b'-- Installing: /vehicle_1811/install/vehicle_msgs/share/vehicle_msgs/environment/library_path.sh\n'}
[3.361283] (vehicle_msgs) StdoutLine: {'line': b'-- Installing: /vehicle_1811/install/vehicle_msgs/share/vehicle_msgs/environment/library_path.dsv\n'}
[3.361340] (vehicle_msgs) StdoutLine: {'line': b'-- Installing: /vehicle_1811/install/vehicle_msgs/lib/libvehicle_msgs__rosidl_generator_c.so\n'}
[3.361746] (vehicle_msgs) StdoutLine: {'line': b'-- Set runtime path of "/vehicle_1811/install/vehicle_msgs/lib/libvehicle_msgs__rosidl_generator_c.so" to ""\n'}
[3.361962] (vehicle_msgs) StdoutLine: {'line': b'-- Up-to-date: /vehicle_1811/install/vehicle_msgs/include/vehicle_msgs/vehicle_msgs\n'}
[3.362309] (vehicle_msgs) StdoutLine: {'line': b'-- Up-to-date: /vehicle_1811/install/vehicle_msgs/include/vehicle_msgs/vehicle_msgs/msg\n'}
[3.362418] (vehicle_msgs) StdoutLine: {'line': b'-- Installing: /vehicle_1811/install/vehicle_msgs/include/vehicle_msgs/vehicle_msgs/msg/rosidl_typesupport_fastrtps_c__visibility_control.h\n'}
[3.362456] (vehicle_msgs) StdoutLine: {'line': b'-- Up-to-date: /vehicle_1811/install/vehicle_msgs/include/vehicle_msgs/vehicle_msgs/msg/detail\n'}
[3.362484] (vehicle_msgs) StdoutLine: {'line': b'-- Installing: /vehicle_1811/install/vehicle_msgs/include/vehicle_msgs/vehicle_msgs/msg/detail/vehicle_command__rosidl_typesupport_fastrtps_c.h\n'}
[3.362536] (vehicle_msgs) StdoutLine: {'line': b'-- Installing: /vehicle_1811/install/vehicle_msgs/include/vehicle_msgs/vehicle_msgs/msg/detail/detection_array__rosidl_typesupport_fastrtps_c.h\n'}
[3.362822] (vehicle_msgs) StdoutLine: {'line': b'-- Installing: /vehicle_1811/install/vehicle_msgs/include/vehicle_msgs/vehicle_msgs/msg/detail/detection__rosidl_typesupport_fastrtps_c.h\n'}
[3.362883] (vehicle_msgs) StdoutLine: {'line': b'-- Installing: /vehicle_1811/install/vehicle_msgs/include/vehicle_msgs/vehicle_msgs/msg/detail/vehicle_state__rosidl_typesupport_fastrtps_c.h\n'}
[3.363110] (vehicle_msgs) StdoutLine: {'line': b'-- Installing: /vehicle_1811/install/vehicle_msgs/lib/libvehicle_msgs__rosidl_typesupport_fastrtps_c.so\n'}
[3.363531] (vehicle_msgs) StdoutLine: {'line': b'-- Set runtime path of "/vehicle_1811/install/vehicle_msgs/lib/libvehicle_msgs__rosidl_typesupport_fastrtps_c.so" to ""\n'}
[3.363753] (vehicle_msgs) StdoutLine: {'line': b'-- Up-to-date: /vehicle_1811/install/vehicle_msgs/include/vehicle_msgs/vehicle_msgs\n'}
[3.363947] (vehicle_msgs) StdoutLine: {'line': b'-- Up-to-date: /vehicle_1811/install/vehicle_msgs/include/vehicle_msgs/vehicle_msgs/msg\n'}
[3.364303] (vehicle_msgs) StdoutLine: {'line': b'-- Installing: /vehicle_1811/install/vehicle_msgs/include/vehicle_msgs/vehicle_msgs/msg/vehicle_state.hpp\n'}
[3.364419] (vehicle_msgs) StdoutLine: {'line': b'-- Up-to-date: /vehicle_1811/install/vehicle_msgs/include/vehicle_msgs/vehicle_msgs/msg/detail\n'}
[3.364607] (vehicle_msgs) StdoutLine: {'line': b'-- Installing: /vehicle_1811/install/vehicle_msgs/include/vehicle_msgs/vehicle_msgs/msg/detail/detection__type_support.hpp\n'}
[3.364691] (vehicle_msgs) StdoutLine: {'line': b'-- Installing: /vehicle_1811/install/vehicle_msgs/include/vehicle_msgs/vehicle_msgs/msg/detail/detection__builder.hpp\n'}
[3.364766] (vehicle_msgs) StdoutLine: {'line': b'-- Installing: /vehicle_1811/install/vehicle_msgs/include/vehicle_msgs/vehicle_msgs/msg/detail/detection_array__type_support.hpp\n'}
[3.364949] (vehicle_msgs) StdoutLine: {'line': b'-- Installing: /vehicle_1811/install/vehicle_msgs/include/vehicle_msgs/vehicle_msgs/msg/detail/detection_array__builder.hpp\n'}
[3.365241] (vehicle_msgs) StdoutLine: {'line': b'-- Installing: /vehicle_1811/install/vehicle_msgs/include/vehicle_msgs/vehicle_msgs/msg/detail/vehicle_state__traits.hpp\n'}
[3.365543] (vehicle_msgs) StdoutLine: {'line': b'-- Installing: /vehicle_1811/install/vehicle_msgs/include/vehicle_msgs/vehicle_msgs/msg/detail/vehicle_state__builder.hpp\n'}
[3.365682] (vehicle_msgs) StdoutLine: {'line': b'-- Installing: /vehicle_1811/install/vehicle_msgs/include/vehicle_msgs/vehicle_msgs/msg/detail/detection__traits.hpp\n'}
[3.365747] (vehicle_msgs) StdoutLine: {'line': b'-- Installing: /vehicle_1811/install/vehicle_msgs/include/vehicle_msgs/vehicle_msgs/msg/detail/vehicle_command__type_support.hpp\n'}
[3.365931] (vehicle_msgs) StdoutLine: {'line': b'-- Installing: /vehicle_1811/install/vehicle_msgs/include/vehicle_msgs/vehicle_msgs/msg/detail/detection_array__struct.hpp\n'}
[3.366175] (vehicle_msgs) StdoutLine: {'line': b'-- Installing: /vehicle_1811/install/vehicle_msgs/include/vehicle_msgs/vehicle_msgs/msg/detail/vehicle_state__struct.hpp\n'}
[3.366451] (vehicle_msgs) StdoutLine: {'line': b'-- Installing: /vehicle_1811/install/vehicle_msgs/include/vehicle_msgs/vehicle_msgs/msg/detail/vehicle_command__struct.hpp\n'}
[3.366541] (vehicle_msgs) StdoutLine: {'line': b'-- Installing: /vehicle_1811/install/vehicle_msgs/include/vehicle_msgs/vehicle_msgs/msg/detail/detection_array__traits.hpp\n'}
[3.366609] (vehicle_msgs) StdoutLine: {'line': b'-- Installing: /vehicle_1811/install/vehicle_msgs/include/vehicle_msgs/vehicle_msgs/msg/detail/vehicle_state__type_support.hpp\n'}
[3.366652] (vehicle_msgs) StdoutLine: {'line': b'-- Installing: /vehicle_1811/install/vehicle_msgs/include/vehicle_msgs/vehicle_msgs/msg/detail/detection__struct.hpp\n'}
[3.367000] (vehicle_msgs) StdoutLine: {'line': b'-- Installing: /vehicle_1811/install/vehicle_msgs/include/vehicle_msgs/vehicle_msgs/msg/detail/vehicle_command__builder.hpp\n'}
[3.367105] (vehicle_msgs) StdoutLine: {'line': b'-- Installing: /vehicle_1811/install/vehicle_msgs/include/vehicle_msgs/vehicle_msgs/msg/detail/vehicle_command__traits.hpp\n'}
[3.367143] (vehicle_msgs) StdoutLine: {'line': b'-- Installing: /vehicle_1811/install/vehicle_msgs/include/vehicle_msgs/vehicle_msgs/msg/vehicle_command.hpp\n'}
[3.367299] (vehicle_msgs) StdoutLine: {'line': b'-- Installing: /vehicle_1811/install/vehicle_msgs/include/vehicle_msgs/vehicle_msgs/msg/detection.hpp\n'}
[3.367359] (vehicle_msgs) StdoutLine: {'line': b'-- Installing: /vehicle_1811/install/vehicle_msgs/include/vehicle_msgs/vehicle_msgs/msg/rosidl_generator_cpp__visibility_control.hpp\n'}
[3.367534] (vehicle_msgs) StdoutLine: {'line': b'-- Installing: /vehicle_1811/install/vehicle_msgs/include/vehicle_msgs/vehicle_msgs/msg/detection_array.hpp\n'}
[3.367801] (vehicle_msgs) StdoutLine: {'line': b'-- Up-to-date: /vehicle_1811/install/vehicle_msgs/include/vehicle_msgs/vehicle_msgs\n'}
[3.368023] (vehicle_msgs) StdoutLine: {'line': b'-- Up-to-date: /vehicle_1811/install/vehicle_msgs/include/vehicle_msgs/vehicle_msgs/msg\n'}
[3.368223] (vehicle_msgs) StdoutLine: {'line': b'-- Up-to-date: /vehicle_1811/install/vehicle_msgs/include/vehicle_msgs/vehicle_msgs/msg/detail\n'}
[3.368267] (vehicle_msgs) StdoutLine: {'line': b'-- Installing: /vehicle_1811/install/vehicle_msgs/include/vehicle_msgs/vehicle_msgs/msg/detail/vehicle_command__rosidl_typesupport_fastrtps_cpp.hpp\n'}
[3.369120] (vehicle_msgs) StdoutLine: {'line': b'-- Installing: /vehicle_1811/install/vehicle_msgs/include/vehicle_msgs/vehicle_msgs/msg/detail/detection__rosidl_typesupport_fastrtps_cpp.hpp\n'}
[3.369360] (vehicle_msgs) StdoutLine: {'line': b'-- Installing: /vehicle_1811/install/vehicle_msgs/include/vehicle_msgs/vehicle_msgs/msg/detail/vehicle_state__rosidl_typesupport_fastrtps_cpp.hpp\n'}
[3.369529] (vehicle_msgs) StdoutLine: {'line': b'-- Installing: /vehicle_1811/install/vehicle_msgs/include/vehicle_msgs/vehicle_msgs/msg/detail/dds_fastrtps\n'}
[3.369658] (vehicle_msgs) StdoutLine: {'line': b'-- Installing: /vehicle_1811/install/vehicle_msgs/include/vehicle_msgs/vehicle_msgs/msg/detail/detection_array__rosidl_typesupport_fastrtps_cpp.hpp\n'}
[3.369731] (vehicle_msgs) StdoutLine: {'line': b'-- Installing: /vehicle_1811/install/vehicle_msgs/include/vehicle_msgs/vehicle_msgs/msg/rosidl_typesupport_fastrtps_cpp__visibility_control.h\n'}
[3.369766] (vehicle_msgs) StdoutLine: {'line': b'-- Installing: /vehicle_1811/install/vehicle_msgs/lib/libvehicle_msgs__rosidl_typesupport_fastrtps_cpp.so\n'}
[3.370140] (vehicle_msgs) StdoutLine: {'line': b'-- Set runtime path of "/vehicle_1811/install/vehicle_msgs/lib/libvehicle_msgs__rosidl_typesupport_fastrtps_cpp.so" to ""\n'}
[3.370226] (vehicle_msgs) StdoutLine: {'line': b'-- Up-to-date: /vehicle_1811/install/vehicle_msgs/include/vehicle_msgs/vehicle_msgs\n'}
[3.370540] (vehicle_msgs) StdoutLine: {'line': b'-- Up-to-date: /vehicle_1811/install/vehicle_msgs/include/vehicle_msgs/vehicle_msgs/msg\n'}
[3.370714] (vehicle_msgs) StdoutLine: {'line': b'-- Installing: /vehicle_1811/install/vehicle_msgs/include/vehicle_msgs/vehicle_msgs/msg/rosidl_typesupport_introspection_c__visibility_control.h\n'}
[3.370894] (vehicle_msgs) StdoutLine: {'line': b'-- Up-to-date: /vehicle_1811/install/vehicle_msgs/include/vehicle_msgs/vehicle_msgs/msg/detail\n'}
[3.370939] (vehicle_msgs) StdoutLine: {'line': b'-- Installing: /vehicle_1811/install/vehicle_msgs/include/vehicle_msgs/vehicle_msgs/msg/detail/vehicle_state__rosidl_typesupport_introspection_c.h\n'}
[3.370970] (vehicle_msgs) StdoutLine: {'line': b'-- Installing: /vehicle_1811/install/vehicle_msgs/include/vehicle_msgs/vehicle_msgs/msg/detail/detection_array__type_support.c\n'}
[3.371079] (vehicle_msgs) StdoutLine: {'line': b'-- Installing: /vehicle_1811/install/vehicle_msgs/include/vehicle_msgs/vehicle_msgs/msg/detail/detection__type_support.c\n'}
[3.371362] (vehicle_msgs) StdoutLine: {'line': b'-- Installing: /vehicle_1811/install/vehicle_msgs/include/vehicle_msgs/vehicle_msgs/msg/detail/vehicle_state__type_support.c\n'}
[3.371460] (vehicle_msgs) StdoutLine: {'line': b'-- Installing: /vehicle_1811/install/vehicle_msgs/include/vehicle_msgs/vehicle_msgs/msg/detail/detection_array__rosidl_typesupport_introspection_c.h\n'}
[3.371670] (vehicle_msgs) StdoutLine: {'line': b'-- Installing: /vehicle_1811/install/vehicle_msgs/include/vehicle_msgs/vehicle_msgs/msg/detail/vehicle_command__type_support.c\n'}
[3.371867] (vehicle_msgs) StdoutLine: {'line': b'-- Installing: /vehicle_1811/install/vehicle_msgs/include/vehicle_msgs/vehicle_msgs/msg/detail/detection__rosidl_typesupport_introspection_c.h\n'}
[3.371927] (vehicle_msgs) StdoutLine: {'line': b'-- Installing: /vehicle_1811/install/vehicle_msgs/include/vehicle_msgs/vehicle_msgs/msg/detail/vehicle_command__rosidl_typesupport_introspection_c.h\n'}
[3.372129] (vehicle_msgs) StdoutLine: {'line': b'-- Installing: /vehicle_1811/install/vehicle_msgs/lib/libvehicle_msgs__rosidl_typesupport_introspection_c.so\n'}
[3.372473] (vehicle_msgs) StdoutLine: {'line': b'-- Set runtime path of "/vehicle_1811/install/vehicle_msgs/lib/libvehicle_msgs__rosidl_typesupport_introspection_c.so" to ""\n'}
[3.372639] (vehicle_msgs) StdoutLine: {'line': b'-- Installing: /vehicle_1811/install/vehicle_msgs/lib/libvehicle_msgs__rosidl_typesupport_c.so\n'}
[3.372955] (vehicle_msgs) StdoutLine: {'line': b'-- Set runtime path of "/vehicle_1811/install/vehicle_msgs/lib/libvehicle_msgs__rosidl_typesupport_c.so" to ""\n'}
[3.373203] (vehicle_msgs) StdoutLine: {'line': b'-- Up-to-date: /vehicle_1811/install/vehicle_msgs/include/vehicle_msgs/vehicle_msgs\n'}
[3.373260] (vehicle_msgs) StdoutLine: {'line': b'-- Up-to-date: /vehicle_1811/install/vehicle_msgs/include/vehicle_msgs/vehicle_msgs/msg\n'}
[3.373290] (vehicle_msgs) StdoutLine: {'line': b'-- Up-to-date: /vehicle_1811/install/vehicle_msgs/include/vehicle_msgs/vehicle_msgs/msg/detail\n'}
[3.373315] (vehicle_msgs) StdoutLine: {'line': b'-- Installing: /vehicle_1811/install/vehicle_msgs/include/vehicle_msgs/vehicle_msgs/msg/detail/detection__rosidl_typesupport_introspection_cpp.hpp\n'}
[3.373532] (vehicle_msgs) StdoutLine: {'line': b'-- Installing: /vehicle_1811/install/vehicle_msgs/include/vehicle_msgs/vehicle_msgs/msg/detail/vehicle_state__rosidl_typesupport_introspection_cpp.hpp\n'}
[3.373711] (vehicle_msgs) StdoutLine: {'line': b'-- Installing: /vehicle_1811/install/vehicle_msgs/include/vehicle_msgs/vehicle_msgs/msg/detail/vehicle_command__rosidl_typesupport_introspection_cpp.hpp\n'}
[3.373929] (vehicle_msgs) StdoutLine: {'line': b'-- Installing: /vehicle_1811/install/vehicle_msgs/include/vehicle_msgs/vehicle_msgs/msg/detail/detection_array__rosidl_typesupport_introspection_cpp.hpp\n'}
[3.374419] (vehicle_msgs) StdoutLine: {'line': b'-- Installing: /vehicle_1811/install/vehicle_msgs/include/vehicle_msgs/vehicle_msgs/msg/detail/vehicle_command__type_support.cpp\n'}
[3.374821] (vehicle_msgs) StdoutLine: {'line': b'-- Installing: /vehicle_1811/install/vehicle_msgs/include/vehicle_msgs/vehicle_msgs/msg/detail/detection__type_support.cpp\n'}
[3.374867] (vehicle_msgs) StdoutLine: {'line': b'-- Installing: /vehicle_1811/install/vehicle_msgs/include/vehicle_msgs/vehicle_msgs/msg/detail/vehicle_state__type_support.cpp\n'}
[3.374895] (vehicle_msgs) StdoutLine: {'line': b'-- Installing: /vehicle_1811/install/vehicle_msgs/include/vehicle_msgs/vehicle_msgs/msg/detail/detection_array__type_support.cpp\n'}
[3.374920] (vehicle_msgs) StdoutLine: {'line': b'-- Installing: /vehicle_1811/install/vehicle_msgs/lib/libvehicle_msgs__rosidl_typesupport_introspection_cpp.so\n'}
[3.375133] (vehicle_msgs) StdoutLine: {'line': b'-- Set runtime path of "/vehicle_1811/install/vehicle_msgs/lib/libvehicle_msgs__rosidl_typesupport_introspection_cpp.so" to ""\n'}
[3.375250] (vehicle_msgs) StdoutLine: {'line': b'-- Installing: /vehicle_1811/install/vehicle_msgs/lib/libvehicle_msgs__rosidl_typesupport_cpp.so\n'}
[3.375630] (vehicle_msgs) StdoutLine: {'line': b'-- Set runtime path of "/vehicle_1811/install/vehicle_msgs/lib/libvehicle_msgs__rosidl_typesupport_cpp.so" to ""\n'}
[3.375701] (vehicle_msgs) StdoutLine: {'line': b'-- Installing: /vehicle_1811/install/vehicle_msgs/share/vehicle_msgs/environment/pythonpath.sh\n'}
[3.375888] (vehicle_msgs) StdoutLine: {'line': b'-- Installing: /vehicle_1811/install/vehicle_msgs/share/vehicle_msgs/environment/pythonpath.dsv\n'}
[3.376105] (vehicle_msgs) StdoutLine: {'line': b'-- Installing: /vehicle_1811/install/vehicle_msgs/local/lib/python3.10/dist-packages/vehicle_msgs-0.0.0-py3.10.egg-info\n'}
[3.376839] (vehicle_msgs) StdoutLine: {'line': b'-- Installing: /vehicle_1811/install/vehicle_msgs/local/lib/python3.10/dist-packages/vehicle_msgs-0.0.0-py3.10.egg-info/top_level.txt\n'}
[3.377134] (vehicle_msgs) StdoutLine: {'line': b'-- Installing: /vehicle_1811/install/vehicle_msgs/local/lib/python3.10/dist-packages/vehicle_msgs-0.0.0-py3.10.egg-info/PKG-INFO\n'}
[3.377309] (vehicle_msgs) StdoutLine: {'line': b'-- Installing: /vehicle_1811/install/vehicle_msgs/local/lib/python3.10/dist-packages/vehicle_msgs-0.0.0-py3.10.egg-info/dependency_links.txt\n'}
[3.377366] (vehicle_msgs) StdoutLine: {'line': b'-- Installing: /vehicle_1811/install/vehicle_msgs/local/lib/python3.10/dist-packages/vehicle_msgs-0.0.0-py3.10.egg-info/SOURCES.txt\n'}
[3.377480] (vehicle_msgs) StdoutLine: {'line': b'-- Installing: /vehicle_1811/install/vehicle_msgs/local/lib/python3.10/dist-packages/vehicle_msgs\n'}
[3.377681] (vehicle_msgs) StdoutLine: {'line': b'-- Installing: /vehicle_1811/install/vehicle_msgs/local/lib/python3.10/dist-packages/vehicle_msgs/msg\n'}
[3.378311] (vehicle_msgs) StdoutLine: {'line': b'-- Installing: /vehicle_1811/install/vehicle_msgs/local/lib/python3.10/dist-packages/vehicle_msgs/msg/_detection.py\n'}
[3.378419] (vehicle_msgs) StdoutLine: {'line': b'-- Installing: /vehicle_1811/install/vehicle_msgs/local/lib/python3.10/dist-packages/vehicle_msgs/msg/_detection_s.c\n'}
[3.378654] (vehicle_msgs) StdoutLine: {'line': b'-- Installing: /vehicle_1811/install/vehicle_msgs/local/lib/python3.10/dist-packages/vehicle_msgs/msg/_detection_array_s.c\n'}
[3.378702] (vehicle_msgs) StdoutLine: {'line': b'-- Installing: /vehicle_1811/install/vehicle_msgs/local/lib/python3.10/dist-packages/vehicle_msgs/msg/_detection_array.py\n'}
[3.378870] (vehicle_msgs) StdoutLine: {'line': b'-- Installing: /vehicle_1811/install/vehicle_msgs/local/lib/python3.10/dist-packages/vehicle_msgs/msg/_vehicle_state_s.c\n'}
[3.379034] (vehicle_msgs) StdoutLine: {'line': b'-- Installing: /vehicle_1811/install/vehicle_msgs/local/lib/python3.10/dist-packages/vehicle_msgs/msg/__init__.py\n'}
[3.379210] (vehicle_msgs) StdoutLine: {'line': b'-- Installing: /vehicle_1811/install/vehicle_msgs/local/lib/python3.10/dist-packages/vehicle_msgs/msg/_vehicle_state.py\n'}
[3.379639] (vehicle_msgs) StdoutLine: {'line': b'-- Installing: /vehicle_1811/install/vehicle_msgs/local/lib/python3.10/dist-packages/vehicle_msgs/msg/_vehicle_command_s.c\n'}
[3.379706] (vehicle_msgs) StdoutLine: {'line': b'-- Installing: /vehicle_1811/install/vehicle_msgs/local/lib/python3.10/dist-packages/vehicle_msgs/msg/_vehicle_command.py\n'}
[3.379905] (vehicle_msgs) StdoutLine: {'line': b'-- Installing: /vehicle_1811/install/vehicle_msgs/local/lib/python3.10/dist-packages/vehicle_msgs/vehicle_msgs_s__rosidl_typesupport_c.cpython-310-x86_64-linux-gnu.so\n'}
[3.380136] (vehicle_msgs) StdoutLine: {'line': b'-- Installing: /vehicle_1811/install/vehicle_msgs/local/lib/python3.10/dist-packages/vehicle_msgs/_vehicle_msgs_s.ep.rosidl_typesupport_introspection_c.c\n'}
[3.380269] (vehicle_msgs) StdoutLine: {'line': b'-- Installing: /vehicle_1811/install/vehicle_msgs/local/lib/python3.10/dist-packages/vehicle_msgs/_vehicle_msgs_s.ep.rosidl_typesupport_c.c\n'}
[3.380565] (vehicle_msgs) StdoutLine: {'line': b'-- Installing: /vehicle_1811/install/vehicle_msgs/local/lib/python3.10/dist-packages/vehicle_msgs/vehicle_msgs_s__rosidl_typesupport_introspection_c.cpython-310-x86_64-linux-gnu.so\n'}
[3.380634] (vehicle_msgs) StdoutLine: {'line': b'-- Installing: /vehicle_1811/install/vehicle_msgs/local/lib/python3.10/dist-packages/vehicle_msgs/_vehicle_msgs_s.ep.rosidl_typesupport_fastrtps_c.c\n'}
[3.380783] (vehicle_msgs) StdoutLine: {'line': b'-- Installing: /vehicle_1811/install/vehicle_msgs/local/lib/python3.10/dist-packages/vehicle_msgs/libvehicle_msgs__rosidl_generator_py.so\n'}
[3.380992] (vehicle_msgs) StdoutLine: {'line': b'-- Installing: /vehicle_1811/install/vehicle_msgs/local/lib/python3.10/dist-packages/vehicle_msgs/__init__.py\n'}
[3.381231] (vehicle_msgs) StdoutLine: {'line': b'-- Installing: /vehicle_1811/install/vehicle_msgs/local/lib/python3.10/dist-packages/vehicle_msgs/vehicle_msgs_s__rosidl_typesupport_fastrtps_c.cpython-310-x86_64-linux-gnu.so\n'}
[3.405923] (vehicle_msgs) StdoutLine: {'line': b"Listing '/vehicle_1811/install/vehicle_msgs/local/lib/python3.10/dist-packages/vehicle_msgs'...\n"}
[3.406263] (vehicle_msgs) StdoutLine: {'line': b"Compiling '/vehicle_1811/install/vehicle_msgs/local/lib/python3.10/dist-packages/vehicle_msgs/__init__.py'...\n"}
[3.406430] (vehicle_msgs) StdoutLine: {'line': b"Listing '/vehicle_1811/install/vehicle_msgs/local/lib/python3.10/dist-packages/vehicle_msgs/msg'...\n"}
[3.406470] (vehicle_msgs) StdoutLine: {'line': b"Compiling '/vehicle_1811/install/vehicle_msgs/local/lib/python3.10/dist-packages/vehicle_msgs/msg/__init__.py'...\n"}
[3.406549] (vehicle_msgs) StdoutLine: {'line': b"Compiling '/vehicle_1811/install/vehicle_msgs/local/lib/python3.10/dist-packages/vehicle_msgs/msg/_detection.py'...\n"}
[3.406649] (vehicle_msgs) StdoutLine: {'line': b"Compiling '/vehicle_1811/install/vehicle_msgs/local/lib/python3.10/dist-packages/vehicle_msgs/msg/_detection_array.py'...\n"}
[3.406690] (vehicle_msgs) StdoutLine: {'line': b"Compiling '/vehicle_1811/install/vehicle_msgs/local/lib/python3.10/dist-packages/vehicle_msgs/msg/_vehicle_command.py'...\n"}
[3.406716] (vehicle_msgs) StdoutLine: {'line': b"Compiling '/vehicle_1811/install/vehicle_msgs/local/lib/python3.10/dist-packages/vehicle_msgs/msg/_vehicle_state.py'...\n"}
[3.409972] (vehicle_msgs) StdoutLine: {'line': b'-- Installing: /vehicle_1811/install/vehicle_msgs/local/lib/python3.10/dist-packages/vehicle_msgs/vehicle_msgs_s__rosidl_typesupport_fastrtps_c.cpython-310-x86_64-linux-gnu.so\n'}
[3.410508] (vehicle_msgs) StdoutLine: {'line': b'-- Set runtime path of "/vehicle_1811/install/vehicle_msgs/local/lib/python3.10/dist-packages/vehicle_msgs/vehicle_msgs_s__rosidl_typesupport_fastrtps_c.cpython-310-x86_64-linux-gnu.so" to ""\n'}
[3.410823] (vehicle_msgs) StdoutLine: {'line': b'-- Installing: /vehicle_1811/install/vehicle_msgs/local/lib/python3.10/dist-packages/vehicle_msgs/vehicle_msgs_s__rosidl_typesupport_introspection_c.cpython-310-x86_64-linux-gnu.so\n'}
[3.410985] (vehicle_msgs) StdoutLine: {'line': b'-- Set runtime path of "/vehicle_1811/install/vehicle_msgs/local/lib/python3.10/dist-packages/vehicle_msgs/vehicle_msgs_s__rosidl_typesupport_introspection_c.cpython-310-x86_64-linux-gnu.so" to ""\n'}
[3.411136] (vehicle_msgs) StdoutLine: {'line': b'-- Installing: /vehicle_1811/install/vehicle_msgs/local/lib/python3.10/dist-packages/vehicle_msgs/vehicle_msgs_s__rosidl_typesupport_c.cpython-310-x86_64-linux-gnu.so\n'}
[3.411705] (vehicle_msgs) StdoutLine: {'line': b'-- Set runtime path of "/vehicle_1811/install/vehicle_msgs/local/lib/python3.10/dist-packages/vehicle_msgs/vehicle_msgs_s__rosidl_typesupport_c.cpython-310-x86_64-linux-gnu.so" to ""\n'}
[3.411862] (vehicle_msgs) StdoutLine: {'line': b'-- Installing: /vehicle_1811/install/vehicle_msgs/lib/libvehicle_msgs__rosidl_generator_py.so\n'}
[3.412009] (vehicle_msgs) StdoutLine: {'line': b'-- Set runtime path of "/vehicle_1811/install/vehicle_msgs/lib/libvehicle_msgs__rosidl_generator_py.so" to ""\n'}
[3.412243] (vehicle_msgs) StdoutLine: {'line': b'-- Installing: /vehicle_1811/install/vehicle_msgs/share/ament_index/resource_index/rust_packages/vehicle_msgs\n'}
[3.412668] (vehicle_msgs) StdoutLine: {'line': b'-- Installing: /vehicle_1811/install/vehicle_msgs/share/vehicle_msgs/rust\n'}
[3.412899] (vehicle_msgs) StdoutLine: {'line': b'-- Installing: /vehicle_1811/install/vehicle_msgs/share/vehicle_msgs/rust/src\n'}
[3.412942] (vehicle_msgs) StdoutLine: {'line': b'-- Installing: /vehicle_1811/install/vehicle_msgs/share/vehicle_msgs/rust/src/msg\n'}
[3.413120] (vehicle_msgs) StdoutLine: {'line': b'-- Installing: /vehicle_1811/install/vehicle_msgs/share/vehicle_msgs/rust/src/msg/rmw.rs\n'}
[3.413180] (vehicle_msgs) StdoutLine: {'line': b'-- Installing: /vehicle_1811/install/vehicle_msgs/share/vehicle_msgs/rust/src/msg.rs\n'}
[3.413371] (vehicle_msgs) StdoutLine: {'line': b'-- Installing: /vehicle_1811/install/vehicle_msgs/share/vehicle_msgs/rust/src/lib.rs\n'}
[3.413554] (vehicle_msgs) StdoutLine: {'line': b'-- Installing: /vehicle_1811/install/vehicle_msgs/share/vehicle_msgs/rust/build.rs\n'}
[3.413784] (vehicle_msgs) StdoutLine: {'line': b'-- Installing: /vehicle_1811/install/vehicle_msgs/share/vehicle_msgs/rust/Cargo.toml\n'}
[3.414031] (vehicle_msgs) StdoutLine: {'line': b'-- Installing: /vehicle_1811/install/vehicle_msgs/share/vehicle_msgs/msg/VehicleCommand.idl\n'}
[3.414336] (vehicle_msgs) StdoutLine: {'line': b'-- Installing: /vehicle_1811/install/vehicle_msgs/share/vehicle_msgs/msg/VehicleState.idl\n'}
[3.414568] (vehicle_msgs) StdoutLine: {'line': b'-- Installing: /vehicle_1811/install/vehicle_msgs/share/vehicle_msgs/msg/Detection.idl\n'}
[3.414696] (vehicle_msgs) StdoutLine: {'line': b'-- Installing: /vehicle_1811/install/vehicle_msgs/share/vehicle_msgs/msg/DetectionArray.idl\n'}
[3.414941] (vehicle_msgs) StdoutLine: {'line': b'-- Installing: /vehicle_1811/install/vehicle_msgs/share/vehicle_msgs/msg/VehicleCommand.msg\n'}
[3.415436] (vehicle_msgs) StdoutLine: {'line': b'-- Installing: /vehicle_1811/install/vehicle_msgs/share/vehicle_msgs/msg/VehicleState.msg\n'}
[3.415631] (vehicle_msgs) StdoutLine: {'line': b'-- Installing: /vehicle_1811/install/vehicle_msgs/share/vehicle_msgs/msg/Detection.msg\n'}
[3.415875] (vehicle_msgs) StdoutLine: {'line': b'-- Installing: /vehicle_1811/install/vehicle_msgs/share/vehicle_msgs/msg/DetectionArray.msg\n'}
[3.415919] (vehicle_msgs) StdoutLine: {'line': b'-- Installing: /vehicle_1811/install/vehicle_msgs/share/ament_index/resource_index/package_run_dependencies/vehicle_msgs\n'}
[3.416136] (vehicle_msgs) StdoutLine: {'line': b'-- Installing: /vehicle_1811/install/vehicle_msgs/share/ament_index/resource_index/parent_prefix_path/vehicle_msgs\n'}
[3.416551] (vehicle_msgs) StdoutLine: {'line': b'-- Installing: /vehicle_1811/install/vehicle_msgs/share/vehicle_msgs/environment/ament_prefix_path.sh\n'}
[3.416939] (vehicle_msgs) StdoutLine: {'line': b'-- Installing: /vehicle_1811/install/vehicle_msgs/share/vehicle_msgs/environment/ament_prefix_path.dsv\n'}
[3.417013] (vehicle_msgs) StdoutLine: {'line': b'-- Installing: /vehicle_1811/install/vehicle_msgs/share/vehicle_msgs/environment/path.sh\n'}
[3.417277] (vehicle_msgs) StdoutLine: {'line': b'-- Installing: /vehicle_1811/install/vehicle_msgs/share/vehicle_msgs/environment/path.dsv\n'}
[3.417624] (vehicle_msgs) StdoutLine: {'line': b'-- Installing: /vehicle_1811/install/vehicle_msgs/share/vehicle_msgs/local_setup.bash\n'}
[3.417845] (vehicle_msgs) StdoutLine: {'line': b'-- Installing: /vehicle_1811/install/vehicle_msgs/share/vehicle_msgs/local_setup.sh\n'}
[3.418001] (vehicle_msgs) StdoutLine: {'line': b'-- Installing: /vehicle_1811/install/vehicle_msgs/share/vehicle_msgs/local_setup.zsh\n'}
[3.418038] (vehicle_msgs) StdoutLine: {'line': b'-- Installing: /vehicle_1811/install/vehicle_msgs/share/vehicle_msgs/local_setup.dsv\n'}
[3.418064] (vehicle_msgs) StdoutLine: {'line': b'-- Installing: /vehicle_1811/install/vehicle_msgs/share/vehicle_msgs/package.dsv\n'}
[3.418260] (vehicle_msgs) StdoutLine: {'line': b'-- Installing: /vehicle_1811/install/vehicle_msgs/share/ament_index/resource_index/packages/vehicle_msgs\n'}
[3.418518] (vehicle_msgs) StdoutLine: {'line': b'-- Installing: /vehicle_1811/install/vehicle_msgs/share/vehicle_msgs/cmake/export_vehicle_msgs__rosidl_generator_cExport.cmake\n'}
[3.418741] (vehicle_msgs) StdoutLine: {'line': b'-- Installing: /vehicle_1811/install/vehicle_msgs/share/vehicle_msgs/cmake/export_vehicle_msgs__rosidl_generator_cExport-noconfig.cmake\n'}
[3.418954] (vehicle_msgs) StdoutLine: {'line': b'-- Installing: /vehicle_1811/install/vehicle_msgs/share/vehicle_msgs/cmake/export_vehicle_msgs__rosidl_typesupport_fastrtps_cExport.cmake\n'}
[3.419216] (vehicle_msgs) StdoutLine: {'line': b'-- Installing: /vehicle_1811/install/vehicle_msgs/share/vehicle_msgs/cmake/export_vehicle_msgs__rosidl_typesupport_fastrtps_cExport-noconfig.cmake\n'}
[3.419269] (vehicle_msgs) StdoutLine: {'line': b'-- Installing: /vehicle_1811/install/vehicle_msgs/share/vehicle_msgs/cmake/export_vehicle_msgs__rosidl_generator_cppExport.cmake\n'}
[3.419416] (vehicle_msgs) StdoutLine: {'line': b'-- Installing: /vehicle_1811/install/vehicle_msgs/share/vehicle_msgs/cmake/export_vehicle_msgs__rosidl_typesupport_fastrtps_cppExport.cmake\n'}
[3.419651] (-) TimerEvent: {}
[3.419908] (vehicle_msgs) StdoutLine: {'line': b'-- Installing: /vehicle_1811/install/vehicle_msgs/share/vehicle_msgs/cmake/export_vehicle_msgs__rosidl_typesupport_fastrtps_cppExport-noconfig.cmake\n'}
[3.420019] (vehicle_msgs) StdoutLine: {'line': b'-- Installing: /vehicle_1811/install/vehicle_msgs/share/vehicle_msgs/cmake/vehicle_msgs__rosidl_typesupport_introspection_cExport.cmake\n'}
[3.420070] (vehicle_msgs) StdoutLine: {'line': b'-- Installing: /vehicle_1811/install/vehicle_msgs/share/vehicle_msgs/cmake/vehicle_msgs__rosidl_typesupport_introspection_cExport-noconfig.cmake\n'}
[3.420328] (vehicle_msgs) StdoutLine: {'line': b'-- Installing: /vehicle_1811/install/vehicle_msgs/share/vehicle_msgs/cmake/vehicle_msgs__rosidl_typesupport_cExport.cmake\n'}
[3.420387] (vehicle_msgs) StdoutLine: {'line': b'-- Installing: /vehicle_1811/install/vehicle_msgs/share/vehicle_msgs/cmake/vehicle_msgs__rosidl_typesupport_cExport-noconfig.cmake\n'}
[3.420582] (vehicle_msgs) StdoutLine: {'line': b'-- Installing: /vehicle_1811/install/vehicle_msgs/share/vehicle_msgs/cmake/vehicle_msgs__rosidl_typesupport_introspection_cppExport.cmake\n'}
[3.420936] (vehicle_msgs) StdoutLine: {'line': b'-- Installing: /vehicle_1811/install/vehicle_msgs/share/vehicle_msgs/cmake/vehicle_msgs__rosidl_typesupport_introspection_cppExport-noconfig.cmake\n'}
[3.421316] (vehicle_msgs) StdoutLine: {'line': b'-- Installing: /vehicle_1811/install/vehicle_msgs/share/vehicle_msgs/cmake/vehicle_msgs__rosidl_typesupport_cppExport.cmake\n'}
[3.421552] (vehicle_msgs) StdoutLine: {'line': b'-- Installing: /vehicle_1811/install/vehicle_msgs/share/vehicle_msgs/cmake/vehicle_msgs__rosidl_typesupport_cppExport-noconfig.cmake\n'}
[3.421901] (vehicle_msgs) StdoutLine: {'line': b'-- Installing: /vehicle_1811/install/vehicle_msgs/share/vehicle_msgs/cmake/export_vehicle_msgs__rosidl_generator_pyExport.cmake\n'}
[3.422136] (vehicle_msgs) StdoutLine: {'line': b'-- Installing: /vehicle_1811/install/vehicle_msgs/share/vehicle_msgs/cmake/export_vehicle_msgs__rosidl_generator_pyExport-noconfig.cmake\n'}
[3.422371] (vehicle_msgs) StdoutLine: {'line': b'-- Installing: /vehicle_1811/install/vehicle_msgs/share/vehicle_msgs/cmake/rosidl_cmake-extras.cmake\n'}
[3.422559] (vehicle_msgs) StdoutLine: {'line': b'-- Installing: /vehicle_1811/install/vehicle_msgs/share/vehicle_msgs/cmake/ament_cmake_export_dependencies-extras.cmake\n'}
[3.422831] (vehicle_msgs) StdoutLine: {'line': b'-- Installing: /vehicle_1811/install/vehicle_msgs/share/vehicle_msgs/cmake/ament_cmake_export_include_directories-extras.cmake\n'}
[3.423042] (vehicle_msgs) StdoutLine: {'line': b'-- Installing: /vehicle_1811/install/vehicle_msgs/share/vehicle_msgs/cmake/ament_cmake_export_libraries-extras.cmake\n'}
[3.423286] (vehicle_msgs) StdoutLine: {'line': b'-- Installing: /vehicle_1811/install/vehicle_msgs/share/vehicle_msgs/cmake/ament_cmake_export_targets-extras.cmake\n'}
[3.423536] (vehicle_msgs) StdoutLine: {'line': b'-- Installing: /vehicle_1811/install/vehicle_msgs/share/vehicle_msgs/cmake/rosidl_cmake_export_typesupport_targets-extras.cmake\n'}
[3.423752] (vehicle_msgs) StdoutLine: {'line': b'-- Installing: /vehicle_1811/install/vehicle_msgs/share/vehicle_msgs/cmake/rosidl_cmake_export_typesupport_libraries-extras.cmake\n'}
[3.424009] (vehicle_msgs) StdoutLine: {'line': b'-- Installing: /vehicle_1811/install/vehicle_msgs/share/vehicle_msgs/cmake/vehicle_msgsConfig.cmake\n'}
[3.424276] (vehicle_msgs) StdoutLine: {'line': b'-- Installing: /vehicle_1811/install/vehicle_msgs/share/vehicle_msgs/cmake/vehicle_msgsConfig-version.cmake\n'}
[3.424355] (vehicle_msgs) StdoutLine: {'line': b'-- Installing: /vehicle_1811/install/vehicle_msgs/share/vehicle_msgs/package.xml\n'}
[3.427198] (vehicle_msgs) CommandEnded: {'returncode': 0}
[3.444302] (vehicle_msgs) JobEnded: {'identifier': 'vehicle_msgs', 'rc': 0}
[3.445586] (camera_perception) JobStarted: {'identifier': 'camera_perception'}
[3.449635] (lidar_perception) JobStarted: {'identifier': 'lidar_perception'}
[3.452893] (sensor_fusion) JobStarted: {'identifier': 'sensor_fusion'}
[3.460286] (teleop_bridge) JobStarted: {'identifier': 'teleop_bridge'}
[3.520870] (-) TimerEvent: {}
[3.621653] (-) TimerEvent: {}
[3.662769] (lidar_perception) JobProgress: {'identifier': 'lidar_perception', 'progress': 'cmake'}
[3.665285] (lidar_perception) Command: {'cmd': ['/usr/bin/cmake', '/vehicle_1811/ros2_ws/src/lidar_perception', '-DCMAKE_INSTALL_PREFIX=/vehicle_1811/install/lidar_perception'], 'cwd': '/vehicle_1811/build/lidar_perception', 'env': OrderedDict([('HOSTNAME', '4b9e17ea1ace'), ('SHLVL', '1'), ('LD_LIBRARY_PATH', '/vehicle_1811/install/vehicle_msgs/lib:/opt/ros/humble/lib/x86_64-linux-gnu:/opt/ros/humble/lib'), ('HOME', '/root'), ('ROS_PYTHON_VERSION', '3'), ('ROS_DISTRO', 'humble'), ('_', '/usr/bin/colcon'), ('ROS_VERSION', '2'), ('TERM', 'xterm'), ('ROS_LOCALHOST_ONLY', '0'), ('PATH', '/opt/ros/humble/bin:/usr/local/sbin:/usr/local/bin:/usr/sbin:/usr/bin:/sbin:/bin'), ('LANG', 'C.UTF-8'), ('LS_COLORS', 'rs=0:di=01;34:ln=01;36:mh=00:pi=40;33:so=01;35:do=01;35:bd=40;33;01:cd=40;33;01:or=40;31;01:mi=00:su=37;41:sg=30;43:ca=30;41:tw=30;42:ow=34;42:st=37;44:ex=01;32:*.tar=01;31:*.tgz=01;31:*.arc=01;31:*.arj=01;31:*.taz=01;31:*.lha=01;31:*.lz4=01;31:*.lzh=01;31:*.lzma=01;31:*.tlz=01;31:*.txz=01;31:*.tzo=01;31:*.t7z=01;31:*.zip=01;31:*.z=01;31:*.dz=01;31:*.gz=01;31:*.lrz=01;31:*.lz=01;31:*.lzo=01;31:*.xz=01;31:*.zst=01;31:*.tzst=01;31:*.bz2=01;31:*.bz=01;31:*.tbz=01;31:*.tbz2=01;31:*.tz=01;31:*.deb=01;31:*.rpm=01;31:*.jar=01;31:*.war=01;31:*.ear=01;31:*.sar=01;31:*.rar=01;31:*.alz=01;31:*.ace=01;31:*.zoo=01;31:*.cpio=01;31:*.7z=01;31:*.rz=01;31:*.cab=01;31:*.wim=01;31:*.swm=01;31:*.dwm=01;31:*.esd=01;31:*.jpg=01;35:*.jpeg=01;35:*.mjpg=01;35:*.mjpeg=01;35:*.gif=01;35:*.bmp=01;35:*.pbm=01;35:*.pgm=01;35:*.ppm=01;35:*.tga=01;35:*.xbm=01;35:*.xpm=01;35:*.tif=01;35:*.tiff=01;35:*.png=01;35:*.svg=01;35:*.svgz=01;35:*.mng=01;35:*.pcx=01;35:*.mov=01;35:*.mpg=01;35:*.mpeg=01;35:*.m2v=01;35:*.mkv=01;35:*.webm=01;35:*.webp=01;35:*.ogm=01;35:*.mp4=01;35:*.m4v=01;35:*.mp4v=01;35:*.vob=01;35:*.qt=01;35:*.nuv=01;35:*.wmv=01;35:*.asf=01;35:*.rm=01;35:*.rmvb=01;35:*.flc=01;35:*.avi=01;35:*.fli=01;35:*.flv=01;35:*.gl=01;35:*.dl=01;35:*.xcf=01;35:*.xwd=01;35:*.yuv=01;35:*.cgm=01;35:*.emf=01;35:*.ogv=01;35:*.ogx=01;35:*.aac=00;36:*.au=00;36:*.flac=00;36:*.m4a=00;36:*.mid=00;36:*.midi=00;36:*.mka=00;36:*.mp3=00;36:*.mpc=00;36:*.ogg=00;36:*.ra=00;36:*.wav=00;36:*.oga=00;36:*.opus=00;36:*.spx=00;36:*.xspf=00;36:'), ('AMENT_PREFIX_PATH', '/vehicle_1811/install/vehicle_msgs:/opt/ros/humble'), ('DEBIAN_FRONTEND', 'noninteractive'), ('PWD', '/vehicle_1811/build/lidar_perception'), ('LC_ALL', 'C.UTF-8'), ('PYTHONPATH', '/vehicle_1811/install/vehicle_msgs/local/lib/python3.10/dist-packages:/opt/ros/humble/lib/python3.10/site-packages:/opt/ros/humble/local/lib/python3.10/dist-packages'), ('COLCON', '1'), ('CMAKE_PREFIX_PATH', '/vehicle_1811/install/vehicle_msgs:/opt/ros/humble')]), 'shell': False}
[3.721945] (-) TimerEvent: {}
[3.814906] (lidar_perception) StdoutLine: {'line': b'-- The C compiler identification is GNU 11.4.0\n'}
[3.816033] (lidar_perception) StdoutLine: {'line': b'-- The CXX compiler identification is GNU 11.4.0\n'}
[3.816651] (lidar_perception) StdoutLine: {'line': b'-- Detecting C compiler ABI info\n'}
[3.822121] (-) TimerEvent: {}
[3.831923] (lidar_perception) StdoutLine: {'line': b'-- Detecting C compiler ABI info - done\n'}
[3.838331] (lidar_perception) StdoutLine: {'line': b'-- Check for working C compiler: /usr/bin/cc - skipped\n'}
[3.838749] (lidar_perception) StdoutLine: {'line': b'-- Detecting C compile features\n'}
[3.838866] (lidar_perception) StdoutLine: {'line': b'-- Detecting C compile features - done\n'}
[3.840376] (lidar_perception) StdoutLine: {'line': b'-- Detecting CXX compiler ABI info\n'}
[3.908261] (lidar_perception) StdoutLine: {'line': b'-- Detecting CXX compiler ABI info - done\n'}
[3.914793] (lidar_perception) StdoutLine: {'line': b'-- Check for working CXX compiler: /usr/bin/c++ - skipped\n'}
[3.915211] (lidar_perception) StdoutLine: {'line': b'-- Detecting CXX compile features\n'}
[3.915710] (lidar_perception) StdoutLine: {'line': b'-- Detecting CXX compile features - done\n'}
[3.918101] (lidar_perception) StdoutLine: {'line': b'-- Found ament_cmake: 1.3.14 (/opt/ros/humble/share/ament_cmake/cmake)\n'}
[3.922248] (-) TimerEvent: {}
[4.022744] (-) TimerEvent: {}
[4.034272] (lidar_perception) StdoutLine: {'line': b'-- Found Python3: /usr/bin/python3 (found version "3.10.12") found components: Interpreter \n'}
[4.123828] (-) TimerEvent: {}
[4.125245] (lidar_perception) StdoutLine: {'line': b'-- Found rclcpp: 16.0.19 (/opt/ros/humble/share/rclcpp/cmake)\n'}
[4.163196] (lidar_perception) StdoutLine: {'line': b'-- Found rosidl_generator_c: 3.1.8 (/opt/ros/humble/share/rosidl_generator_c/cmake)\n'}
[4.170168] (lidar_perception) StdoutLine: {'line': b'-- Found rosidl_adapter: 3.1.8 (/opt/ros/humble/share/rosidl_adapter/cmake)\n'}
[4.179928] (lidar_perception) StdoutLine: {'line': b'-- Found rosidl_generator_cpp: 3.1.8 (/opt/ros/humble/share/rosidl_generator_cpp/cmake)\n'}
[4.195608] (lidar_perception) StdoutLine: {'line': b'-- Using all available rosidl_typesupport_c: rosidl_typesupport_fastrtps_c;rosidl_typesupport_introspection_c\n'}
[4.211183] (lidar_perception) StdoutLine: {'line': b'-- Using all available rosidl_typesupport_cpp: rosidl_typesupport_fastrtps_cpp;rosidl_typesupport_introspection_cpp\n'}
[4.224466] (-) TimerEvent: {}
[4.271111] (lidar_perception) StdoutLine: {'line': b'-- Found rmw_implementation_cmake: 6.1.2 (/opt/ros/humble/share/rmw_implementation_cmake/cmake)\n'}
[4.274173] (lidar_perception) StdoutLine: {'line': b'-- Found rmw_fastrtps_cpp: 6.2.10 (/opt/ros/humble/share/rmw_fastrtps_cpp/cmake)\n'}
[4.276152] (sensor_fusion) Command: {'cmd': ['/usr/bin/python3', '-W', 'ignore:setup.py install is deprecated', '-W', 'ignore:easy_install command is deprecated', 'setup.py', 'egg_info', '--egg-base', '../../../build/sensor_fusion', 'build', '--build-base', '/vehicle_1811/build/sensor_fusion/build', 'install', '--record', '/vehicle_1811/build/sensor_fusion/install.log', '--install-scripts', '$base/lib/sensor_fusion', '--single-version-externally-managed', 'install_data'], 'cwd': '/vehicle_1811/ros2_ws/src/sensor_fusion', 'env': {'HOSTNAME': '4b9e17ea1ace', 'SHLVL': '1', 'LD_LIBRARY_PATH': '/vehicle_1811/install/vehicle_msgs/lib:/opt/ros/humble/lib/x86_64-linux-gnu:/opt/ros/humble/lib', 'HOME': '/root', 'ROS_PYTHON_VERSION': '3', 'ROS_DISTRO': 'humble', '_': '/usr/bin/colcon', 'ROS_VERSION': '2', 'TERM': 'xterm', 'ROS_LOCALHOST_ONLY': '0', 'PATH': '/opt/ros/humble/bin:/usr/local/sbin:/usr/local/bin:/usr/sbin:/usr/bin:/sbin:/bin', 'LANG': 'C.UTF-8', 'LS_COLORS': 'rs=0:di=01;34:ln=01;36:mh=00:pi=40;33:so=01;35:do=01;35:bd=40;33;01:cd=40;33;01:or=40;31;01:mi=00:su=37;41:sg=30;43:ca=30;41:tw=30;42:ow=34;42:st=37;44:ex=01;32:*.tar=01;31:*.tgz=01;31:*.arc=01;31:*.arj=01;31:*.taz=01;31:*.lha=01;31:*.lz4=01;31:*.lzh=01;31:*.lzma=01;31:*.tlz=01;31:*.txz=01;31:*.tzo=01;31:*.t7z=01;31:*.zip=01;31:*.z=01;31:*.dz=01;31:*.gz=01;31:*.lrz=01;31:*.lz=01;31:*.lzo=01;31:*.xz=01;31:*.zst=01;31:*.tzst=01;31:*.bz2=01;31:*.bz=01;31:*.tbz=01;31:*.tbz2=01;31:*.tz=01;31:*.deb=01;31:*.rpm=01;31:*.jar=01;31:*.war=01;31:*.ear=01;31:*.sar=01;31:*.rar=01;31:*.alz=01;31:*.ace=01;31:*.zoo=01;31:*.cpio=01;31:*.7z=01;31:*.rz=01;31:*.cab=01;31:*.wim=01;31:*.swm=01;31:*.dwm=01;31:*.esd=01;31:*.jpg=01;35:*.jpeg=01;35:*.mjpg=01;35:*.mjpeg=01;35:*.gif=01;35:*.bmp=01;35:*.pbm=01;35:*.pgm=01;35:*.ppm=01;35:*.tga=01;35:*.xbm=01;35:*.xpm=01;35:*.tif=01;35:*.tiff=01;35:*.png=01;35:*.svg=01;35:*.svgz=01;35:*.mng=01;35:*.pcx=01;35:*.mov=01;35:*.mpg=01;35:*.mpeg=01;35:*.m2v=01;35:*.mkv=01;35:*.webm=01;35:*.webp=01;35:*.ogm=01;35:*.mp4=01;35:*.m4v=01;35:*.mp4v=01;35:*.vob=01;35:*.qt=01;35:*.nuv=01;35:*.wmv=01;35:*.asf=01;35:*.rm=01;35:*.rmvb=01;35:*.flc=01;35:*.avi=01;35:*.fli=01;35:*.flv=01;35:*.gl=01;35:*.dl=01;35:*.xcf=01;35:*.xwd=01;35:*.yuv=01;35:*.cgm=01;35:*.emf=01;35:*.ogv=01;35:*.ogx=01;35:*.aac=00;36:*.au=00;36:*.flac=00;36:*.m4a=00;36:*.mid=00;36:*.midi=00;36:*.mka=00;36:*.mp3=00;36:*.mpc=00;36:*.ogg=00;36:*.ra=00;36:*.wav=00;36:*.oga=00;36:*.opus=00;36:*.spx=00;36:*.xspf=00;36:', 'AMENT_PREFIX_PATH': '/vehicle_1811/install/vehicle_msgs:/opt/ros/humble', 'DEBIAN_FRONTEND': 'noninteractive', 'PWD': '/vehicle_1811/build/sensor_fusion', 'LC_ALL': 'C.UTF-8', 'PYTHONPATH': '/vehicle_1811/build/sensor_fusion/prefix_override:/usr/lib/python3/dist-packages/colcon_core/task/python/colcon_distutils_commands:/vehicle_1811/install/sensor_fusion/lib/python3.10/site-packages:/vehicle_1811/install/vehicle_msgs/local/lib/python3.10/dist-packages:/opt/ros/humble/lib/python3.10/site-packages:/opt/ros/humble/local/lib/python3.10/dist-packages', 'COLCON': '1', 'CMAKE_PREFIX_PATH': '/vehicle_1811/install/vehicle_msgs'}, 'shell': False}
[4.286738] (camera_perception) Command: {'cmd': ['/usr/bin/python3', '-W', 'ignore:setup.py install is deprecated', '-W', 'ignore:easy_install command is deprecated', 'setup.py', 'egg_info', '--egg-base', '../../../build/camera_perception', 'build', '--build-base', '/vehicle_1811/build/camera_perception/build', 'install', '--record', '/vehicle_1811/build/camera_perception/install.log', '--install-scripts', '$base/lib/camera_perception', '--single-version-externally-managed', 'install_data'], 'cwd': '/vehicle_1811/ros2_ws/src/camera_perception', 'env': {'HOSTNAME': '4b9e17ea1ace', 'SHLVL': '1', 'LD_LIBRARY_PATH': '/vehicle_1811/install/vehicle_msgs/lib:/opt/ros/humble/lib/x86_64-linux-gnu:/opt/ros/humble/lib', 'HOME': '/root', 'ROS_PYTHON_VERSION': '3', 'ROS_DISTRO': 'humble', '_': '/usr/bin/colcon', 'ROS_VERSION': '2', 'TERM': 'xterm', 'ROS_LOCALHOST_ONLY': '0', 'PATH': '/opt/ros/humble/bin:/usr/local/sbin:/usr/local/bin:/usr/sbin:/usr/bin:/sbin:/bin', 'LANG': 'C.UTF-8', 'LS_COLORS': 'rs=0:di=01;34:ln=01;36:mh=00:pi=40;33:so=01;35:do=01;35:bd=40;33;01:cd=40;33;01:or=40;31;01:mi=00:su=37;41:sg=30;43:ca=30;41:tw=30;42:ow=34;42:st=37;44:ex=01;32:*.tar=01;31:*.tgz=01;31:*.arc=01;31:*.arj=01;31:*.taz=01;31:*.lha=01;31:*.lz4=01;31:*.lzh=01;31:*.lzma=01;31:*.tlz=01;31:*.txz=01;31:*.tzo=01;31:*.t7z=01;31:*.zip=01;31:*.z=01;31:*.dz=01;31:*.gz=01;31:*.lrz=01;31:*.lz=01;31:*.lzo=01;31:*.xz=01;31:*.zst=01;31:*.tzst=01;31:*.bz2=01;31:*.bz=01;31:*.tbz=01;31:*.tbz2=01;31:*.tz=01;31:*.deb=01;31:*.rpm=01;31:*.jar=01;31:*.war=01;31:*.ear=01;31:*.sar=01;31:*.rar=01;31:*.alz=01;31:*.ace=01;31:*.zoo=01;31:*.cpio=01;31:*.7z=01;31:*.rz=01;31:*.cab=01;31:*.wim=01;31:*.swm=01;31:*.dwm=01;31:*.esd=01;31:*.jpg=01;35:*.jpeg=01;35:*.mjpg=01;35:*.mjpeg=01;35:*.gif=01;35:*.bmp=01;35:*.pbm=01;35:*.pgm=01;35:*.ppm=01;35:*.tga=01;35:*.xbm=01;35:*.xpm=01;35:*.tif=01;35:*.tiff=01;35:*.png=01;35:*.svg=01;35:*.svgz=01;35:*.mng=01;35:*.pcx=01;35:*.mov=01;35:*.mpg=01;35:*.mpeg=01;35:*.m2v=01;35:*.mkv=01;35:*.webm=01;35:*.webp=01;35:*.ogm=01;35:*.mp4=01;35:*.m4v=01;35:*.mp4v=01;35:*.vob=01;35:*.qt=01;35:*.nuv=01;35:*.wmv=01;35:*.asf=01;35:*.rm=01;35:*.rmvb=01;35:*.flc=01;35:*.avi=01;35:*.fli=01;35:*.flv=01;35:*.gl=01;35:*.dl=01;35:*.xcf=01;35:*.xwd=01;35:*.yuv=01;35:*.cgm=01;35:*.emf=01;35:*.ogv=01;35:*.ogx=01;35:*.aac=00;36:*.au=00;36:*.flac=00;36:*.m4a=00;36:*.mid=00;36:*.midi=00;36:*.mka=00;36:*.mp3=00;36:*.mpc=00;36:*.ogg=00;36:*.ra=00;36:*.wav=00;36:*.oga=00;36:*.opus=00;36:*.spx=00;36:*.xspf=00;36:', 'AMENT_PREFIX_PATH': '/vehicle_1811/install/vehicle_msgs:/opt/ros/humble', 'DEBIAN_FRONTEND': 'noninteractive', 'PWD': '/vehicle_1811/build/camera_perception', 'LC_ALL': 'C.UTF-8', 'PYTHONPATH': '/vehicle_1811/build/camera_perception/prefix_override:/usr/lib/python3/dist-packages/colcon_core/task/python/colcon_distutils_commands:/vehicle_1811/install/camera_perception/lib/python3.10/site-packages:/vehicle_1811/install/vehicle_msgs/local/lib/python3.10/dist-packages:/opt/ros/humble/lib/python3.10/site-packages:/opt/ros/humble/local/lib/python3.10/dist-packages', 'COLCON': '1', 'CMAKE_PREFIX_PATH': '/vehicle_1811/install/vehicle_msgs'}, 'shell': False}
[4.297709] (teleop_bridge) Command: {'cmd': ['/usr/bin/python3', '-W', 'ignore:setup.py install is deprecated', '-W', 'ignore:easy_install command is deprecated', 'setup.py', 'egg_info', '--egg-base', '../../../build/teleop_bridge', 'build', '--build-base', '/vehicle_1811/build/teleop_bridge/build', 'install', '--record', '/vehicle_1811/build/teleop_bridge/install.log', '--install-scripts', '$base/lib/teleop_bridge', '--single-version-externally-managed', 'install_data'], 'cwd': '/vehicle_1811/ros2_ws/src/teleop_bridge', 'env': {'HOSTNAME': '4b9e17ea1ace', 'SHLVL': '1', 'LD_LIBRARY_PATH': '/vehicle_1811/install/vehicle_msgs/lib:/opt/ros/humble/lib/x86_64-linux-gnu:/opt/ros/humble/lib', 'HOME': '/root', 'ROS_PYTHON_VERSION': '3', 'ROS_DISTRO': 'humble', '_': '/usr/bin/colcon', 'ROS_VERSION': '2', 'TERM': 'xterm', 'ROS_LOCALHOST_ONLY': '0', 'PATH': '/opt/ros/humble/bin:/usr/local/sbin:/usr/local/bin:/usr/sbin:/usr/bin:/sbin:/bin', 'LANG': 'C.UTF-8', 'LS_COLORS': 'rs=0:di=01;34:ln=01;36:mh=00:pi=40;33:so=01;35:do=01;35:bd=40;33;01:cd=40;33;01:or=40;31;01:mi=00:su=37;41:sg=30;43:ca=30;41:tw=30;42:ow=34;42:st=37;44:ex=01;32:*.tar=01;31:*.tgz=01;31:*.arc=01;31:*.arj=01;31:*.taz=01;31:*.lha=01;31:*.lz4=01;31:*.lzh=01;31:*.lzma=01;31:*.tlz=01;31:*.txz=01;31:*.tzo=01;31:*.t7z=01;31:*.zip=01;31:*.z=01;31:*.dz=01;31:*.gz=01;31:*.lrz=01;31:*.lz=01;31:*.lzo=01;31:*.xz=01;31:*.zst=01;31:*.tzst=01;31:*.bz2=01;31:*.bz=01;31:*.tbz=01;31:*.tbz2=01;31:*.tz=01;31:*.deb=01;31:*.rpm=01;31:*.jar=01;31:*.war=01;31:*.ear=01;31:*.sar=01;31:*.rar=01;31:*.alz=01;31:*.ace=01;31:*.zoo=01;31:*.cpio=01;31:*.7z=01;31:*.rz=01;31:*.cab=01;31:*.wim=01;31:*.swm=01;31:*.dwm=01;31:*.esd=01;31:*.jpg=01;35:*.jpeg=01;35:*.mjpg=01;35:*.mjpeg=01;35:*.gif=01;35:*.bmp=01;35:*.pbm=01;35:*.pgm=01;35:*.ppm=01;35:*.tga=01;35:*.xbm=01;35:*.xpm=01;35:*.tif=01;35:*.tiff=01;35:*.png=01;35:*.svg=01;35:*.svgz=01;35:*.mng=01;35:*.pcx=01;35:*.mov=01;35:*.mpg=01;35:*.mpeg=01;35:*.m2v=01;35:*.mkv=01;35:*.webm=01;35:*.webp=01;35:*.ogm=01;35:*.mp4=01;35:*.m4v=01;35:*.mp4v=01;35:*.vob=01;35:*.qt=01;35:*.nuv=01;35:*.wmv=01;35:*.asf=01;35:*.rm=01;35:*.rmvb=01;35:*.flc=01;35:*.avi=01;35:*.fli=01;35:*.flv=01;35:*.gl=01;35:*.dl=01;35:*.xcf=01;35:*.xwd=01;35:*.yuv=01;35:*.cgm=01;35:*.emf=01;35:*.ogv=01;35:*.ogx=01;35:*.aac=00;36:*.au=00;36:*.flac=00;36:*.m4a=00;36:*.mid=00;36:*.midi=00;36:*.mka=00;36:*.mp3=00;36:*.mpc=00;36:*.ogg=00;36:*.ra=00;36:*.wav=00;36:*.oga=00;36:*.opus=00;36:*.spx=00;36:*.xspf=00;36:', 'AMENT_PREFIX_PATH': '/vehicle_1811/install/vehicle_msgs:/opt/ros/humble', 'DEBIAN_FRONTEND': 'noninteractive', 'PWD': '/vehicle_1811/build/teleop_bridge', 'LC_ALL': 'C.UTF-8', 'PYTHONPATH': '/vehicle_1811/build/teleop_bridge/prefix_override:/usr/lib/python3/dist-packages/colcon_core/task/python/colcon_distutils_commands:/vehicle_1811/install/teleop_bridge/lib/python3.10/site-packages:/vehicle_1811/install/vehicle_msgs/local/lib/python3.10/dist-packages:/opt/ros/humble/lib/python3.10/site-packages:/opt/ros/humble/local/lib/python3.10/dist-packages', 'COLCON': '1', 'CMAKE_PREFIX_PATH': '/vehicle_1811/install/vehicle_msgs'}, 'shell': False}
[4.325298] (-) TimerEvent: {}
[4.386677] (lidar_perception) StdoutLine: {'line': b'-- Found OpenSSL: /usr/lib/x86_64-linux-gnu/libcrypto.so (found version "3.0.2")  \n'}
[4.409635] (lidar_perception) StdoutLine: {'line': b'-- Found FastRTPS: /opt/ros/humble/include  \n'}
[4.425881] (-) TimerEvent: {}
[4.442561] (lidar_perception) StdoutLine: {'line': b"-- Using RMW implementation 'rmw_fastrtps_cpp' as default\n"}
[4.448824] (lidar_perception) StdoutLine: {'line': b'-- Looking for pthread.h\n'}
[4.462119] (sensor_fusion) StdoutLine: {'line': b'running egg_info\n'}
[4.462738] (sensor_fusion) StdoutLine: {'line': b'creating ../../../build/sensor_fusion/sensor_fusion.egg-info\n'}
[4.463352] (sensor_fusion) StdoutLine: {'line': b'writing ../../../build/sensor_fusion/sensor_fusion.egg-info/PKG-INFO\n'}
[4.463658] (sensor_fusion) StdoutLine: {'line': b'writing dependency_links to ../../../build/sensor_fusion/sensor_fusion.egg-info/dependency_links.txt\n'}
[4.464060] (sensor_fusion) StdoutLine: {'line': b'writing entry points to ../../../build/sensor_fusion/sensor_fusion.egg-info/entry_points.txt\n'}
[4.464346] (sensor_fusion) StdoutLine: {'line': b'writing requirements to ../../../build/sensor_fusion/sensor_fusion.egg-info/requires.txt\n'}
[4.464429] (sensor_fusion) StdoutLine: {'line': b'writing top-level names to ../../../build/sensor_fusion/sensor_fusion.egg-info/top_level.txt\n'}
[4.464479] (sensor_fusion) StdoutLine: {'line': b"writing manifest file '../../../build/sensor_fusion/sensor_fusion.egg-info/SOURCES.txt'\n"}
[4.466090] (sensor_fusion) StdoutLine: {'line': b"reading manifest file '../../../build/sensor_fusion/sensor_fusion.egg-info/SOURCES.txt'\n"}
[4.467107] (sensor_fusion) StdoutLine: {'line': b"writing manifest file '../../../build/sensor_fusion/sensor_fusion.egg-info/SOURCES.txt'\n"}
[4.467254] (sensor_fusion) StdoutLine: {'line': b'running build\n'}
[4.467827] (sensor_fusion) StdoutLine: {'line': b'running build_py\n'}
[4.468072] (sensor_fusion) StdoutLine: {'line': b'creating /vehicle_1811/build/sensor_fusion/build\n'}
[4.468371] (sensor_fusion) StdoutLine: {'line': b'creating /vehicle_1811/build/sensor_fusion/build/lib\n'}
[4.468833] (sensor_fusion) StdoutLine: {'line': b'creating /vehicle_1811/build/sensor_fusion/build/lib/sensor_fusion\n'}
[4.469784] (sensor_fusion) StdoutLine: {'line': b'copying sensor_fusion/__init__.py -> /vehicle_1811/build/sensor_fusion/build/lib/sensor_fusion\n'}
[4.470255] (sensor_fusion) StdoutLine: {'line': b'running install\n'}
[4.470829] (sensor_fusion) StdoutLine: {'line': b'running install_lib\n'}
[4.470978] (sensor_fusion) StdoutLine: {'line': b'creating /vehicle_1811/install/sensor_fusion/lib/python3.10/site-packages/sensor_fusion\n'}
[4.471853] (camera_perception) StdoutLine: {'line': b'running egg_info\n'}
[4.472146] (sensor_fusion) StdoutLine: {'line': b'copying /vehicle_1811/build/sensor_fusion/build/lib/sensor_fusion/__init__.py -> /vehicle_1811/install/sensor_fusion/lib/python3.10/site-packages/sensor_fusion\n'}
[4.472456] (camera_perception) StdoutLine: {'line': b'creating ../../../build/camera_perception/camera_perception.egg-info\n'}
[4.472615] (sensor_fusion) StdoutLine: {'line': b'byte-compiling /vehicle_1811/install/sensor_fusion/lib/python3.10/site-packages/sensor_fusion/__init__.py to __init__.cpython-310.pyc\n'}
[4.473076] (camera_perception) StdoutLine: {'line': b'writing ../../../build/camera_perception/camera_perception.egg-info/PKG-INFO\n'}
[4.473794] (camera_perception) StdoutLine: {'line': b'writing dependency_links to ../../../build/camera_perception/camera_perception.egg-info/dependency_links.txt\n'}
[4.473959] (camera_perception) StdoutLine: {'line': b'writing entry points to ../../../build/camera_perception/camera_perception.egg-info/entry_points.txt\n'}
[4.474385] (camera_perception) StdoutLine: {'line': b'writing requirements to ../../../build/camera_perception/camera_perception.egg-info/requires.txt\n'}
[4.474545] (camera_perception) StdoutLine: {'line': b'writing top-level names to ../../../build/camera_perception/camera_perception.egg-info/top_level.txt\n'}
[4.474709] (sensor_fusion) StdoutLine: {'line': b'running install_data\n'}
[4.474866] (sensor_fusion) StdoutLine: {'line': b'creating /vehicle_1811/install/sensor_fusion/share/ament_index\n'}
[4.476288] (sensor_fusion) StdoutLine: {'line': b'creating /vehicle_1811/install/sensor_fusion/share/ament_index/resource_index\n'}
[4.476445] (sensor_fusion) StdoutLine: {'line': b'creating /vehicle_1811/install/sensor_fusion/share/ament_index/resource_index/packages\n'}
[4.476504] (camera_perception) StdoutLine: {'line': b"writing manifest file '../../../build/camera_perception/camera_perception.egg-info/SOURCES.txt'\n"}
[4.476548] (camera_perception) StdoutLine: {'line': b"reading manifest file '../../../build/camera_perception/camera_perception.egg-info/SOURCES.txt'\n"}
[4.476585] (sensor_fusion) StdoutLine: {'line': b'copying resource/sensor_fusion -> /vehicle_1811/install/sensor_fusion/share/ament_index/resource_index/packages\n'}
[4.476622] (sensor_fusion) StdoutLine: {'line': b'copying package.xml -> /vehicle_1811/install/sensor_fusion/share/sensor_fusion\n'}
[4.476657] (sensor_fusion) StdoutLine: {'line': b'running install_egg_info\n'}
[4.477041] (camera_perception) StdoutLine: {'line': b"writing manifest file '../../../build/camera_perception/camera_perception.egg-info/SOURCES.txt'\n"}
[4.477898] (camera_perception) StdoutLine: {'line': b'running build\n'}
[4.478209] (camera_perception) StdoutLine: {'line': b'running build_py\n'}
[4.478270] (camera_perception) StdoutLine: {'line': b'creating /vehicle_1811/build/camera_perception/build\n'}
[4.478303] (camera_perception) StdoutLine: {'line': b'creating /vehicle_1811/build/camera_perception/build/lib\n'}
[4.478631] (camera_perception) StdoutLine: {'line': b'creating /vehicle_1811/build/camera_perception/build/lib/camera_perception\n'}
[4.478753] (camera_perception) StdoutLine: {'line': b'copying camera_perception/__init__.py -> /vehicle_1811/build/camera_perception/build/lib/camera_perception\n'}
[4.478880] (camera_perception) StdoutLine: {'line': b'running install\n'}
[4.479179] (camera_perception) StdoutLine: {'line': b'running install_lib\n'}
[4.479592] (camera_perception) StdoutLine: {'line': b'creating /vehicle_1811/install/camera_perception/lib/python3.10/site-packages/camera_perception\n'}
[4.480371] (camera_perception) StdoutLine: {'line': b'copying /vehicle_1811/build/camera_perception/build/lib/camera_perception/__init__.py -> /vehicle_1811/install/camera_perception/lib/python3.10/site-packages/camera_perception\n'}
[4.481876] (camera_perception) StdoutLine: {'line': b'byte-compiling /vehicle_1811/install/camera_perception/lib/python3.10/site-packages/camera_perception/__init__.py to __init__.cpython-310.pyc\n'}
[4.483291] (camera_perception) StdoutLine: {'line': b'running install_data\n'}
[4.483734] (camera_perception) StdoutLine: {'line': b'creating /vehicle_1811/install/camera_perception/share/ament_index\n'}
[4.484150] (camera_perception) StdoutLine: {'line': b'creating /vehicle_1811/install/camera_perception/share/ament_index/resource_index\n'}
[4.484349] (sensor_fusion) StdoutLine: {'line': b'Copying ../../../build/sensor_fusion/sensor_fusion.egg-info to /vehicle_1811/install/sensor_fusion/lib/python3.10/site-packages/sensor_fusion-0.0.0-py3.10.egg-info\n'}
[4.484507] (sensor_fusion) StdoutLine: {'line': b'running install_scripts\n'}
[4.484569] (teleop_bridge) StdoutLine: {'line': b'running egg_info\n'}
[4.484646] (camera_perception) StdoutLine: {'line': b'creating /vehicle_1811/install/camera_perception/share/ament_index/resource_index/packages\n'}
[4.484696] (camera_perception) StdoutLine: {'line': b'copying resource/camera_perception -> /vehicle_1811/install/camera_perception/share/ament_index/resource_index/packages\n'}
[4.484741] (camera_perception) StdoutLine: {'line': b'copying package.xml -> /vehicle_1811/install/camera_perception/share/camera_perception\n'}
[4.484780] (camera_perception) StdoutLine: {'line': b'running install_egg_info\n'}
[4.484820] (teleop_bridge) StdoutLine: {'line': b'writing ../../../build/teleop_bridge/teleop_bridge.egg-info/PKG-INFO\n'}
[4.484864] (teleop_bridge) StdoutLine: {'line': b'writing dependency_links to ../../../build/teleop_bridge/teleop_bridge.egg-info/dependency_links.txt\n'}
[4.484907] (teleop_bridge) StdoutLine: {'line': b'writing entry points to ../../../build/teleop_bridge/teleop_bridge.egg-info/entry_points.txt\n'}
[4.484949] (teleop_bridge) StdoutLine: {'line': b'writing requirements to ../../../build/teleop_bridge/teleop_bridge.egg-info/requires.txt\n'}
[4.485048] (teleop_bridge) StdoutLine: {'line': b'writing top-level names to ../../../build/teleop_bridge/teleop_bridge.egg-info/top_level.txt\n'}
[4.486049] (teleop_bridge) StdoutLine: {'line': b"reading manifest file '../../../build/teleop_bridge/teleop_bridge.egg-info/SOURCES.txt'\n"}
[4.488660] (camera_perception) StdoutLine: {'line': b'Copying ../../../build/camera_perception/camera_perception.egg-info to /vehicle_1811/install/camera_perception/lib/python3.10/site-packages/camera_perception-0.0.0-py3.10.egg-info\n'}
[4.488892] (teleop_bridge) StdoutLine: {'line': b"writing manifest file '../../../build/teleop_bridge/teleop_bridge.egg-info/SOURCES.txt'\n"}
[4.489025] (teleop_bridge) StdoutLine: {'line': b'running build\n'}
[4.489179] (teleop_bridge) StdoutLine: {'line': b'running build_py\n'}
[4.489534] (teleop_bridge) StdoutLine: {'line': b'running install\n'}
[4.489888] (teleop_bridge) StdoutLine: {'line': b'running install_lib\n'}
[4.490379] (camera_perception) StdoutLine: {'line': b'running install_scripts\n'}
[4.491409] (teleop_bridge) StdoutLine: {'line': b'running install_data\n'}
[4.491671] (teleop_bridge) StdoutLine: {'line': b'running install_egg_info\n'}
[4.493173] (teleop_bridge) StdoutLine: {'line': b"removing '/vehicle_1811/install/teleop_bridge/lib/python3.10/site-packages/teleop_bridge-0.0.0-py3.10.egg-info' (and everything under it)\n"}
[4.494137] (teleop_bridge) StdoutLine: {'line': b'Copying ../../../build/teleop_bridge/teleop_bridge.egg-info to /vehicle_1811/install/teleop_bridge/lib/python3.10/site-packages/teleop_bridge-0.0.0-py3.10.egg-info\n'}
[4.496367] (teleop_bridge) StdoutLine: {'line': b'running install_scripts\n'}
[4.505079] (sensor_fusion) StdoutLine: {'line': b"writing list of installed files to '/vehicle_1811/build/sensor_fusion/install.log'\n"}
[4.512408] (camera_perception) StdoutLine: {'line': b"writing list of installed files to '/vehicle_1811/build/camera_perception/install.log'\n"}
[4.518429] (teleop_bridge) StdoutLine: {'line': b'Installing gamepad_node script to /vehicle_1811/install/teleop_bridge/lib/teleop_bridge\n'}
[4.519178] (teleop_bridge) StdoutLine: {'line': b'Installing keyboard_teleop_node script to /vehicle_1811/install/teleop_bridge/lib/teleop_bridge\n'}
[4.520084] (teleop_bridge) StdoutLine: {'line': b'Installing serial_bridge_node script to /vehicle_1811/install/teleop_bridge/lib/teleop_bridge\n'}
[4.520249] (teleop_bridge) StdoutLine: {'line': b"writing list of installed files to '/vehicle_1811/build/teleop_bridge/install.log'\n"}
[4.526339] (-) TimerEvent: {}
[4.541989] (sensor_fusion) CommandEnded: {'returncode': 0}
[4.558020] (lidar_perception) StdoutLine: {'line': b'-- Looking for pthread.h - found\n'}
[4.559357] (lidar_perception) StdoutLine: {'line': b'-- Performing Test CMAKE_HAVE_LIBC_PTHREAD\n'}
[4.562828] (sensor_fusion) JobEnded: {'identifier': 'sensor_fusion', 'rc': 0}
[4.567017] (camera_perception) CommandEnded: {'returncode': 0}
[4.575885] (camera_perception) JobEnded: {'identifier': 'camera_perception', 'rc': 0}
[4.576541] (teleop_bridge) CommandEnded: {'returncode': 0}
[4.584929] (teleop_bridge) JobEnded: {'identifier': 'teleop_bridge', 'rc': 0}
[4.626576] (-) TimerEvent: {}
[4.642393] (lidar_perception) StdoutLine: {'line': b'-- Performing Test CMAKE_HAVE_LIBC_PTHREAD - Success\n'}
[4.643737] (lidar_perception) StdoutLine: {'line': b'-- Found Threads: TRUE  \n'}
[4.685103] (lidar_perception) StdoutLine: {'line': b'-- Found sensor_msgs: 4.9.1 (/opt/ros/humble/share/sensor_msgs/cmake)\n'}
[4.710216] (lidar_perception) StderrLine: {'line': b'\x1b[31mCMake Error at CMakeLists.txt:12 (find_package):\n'}
[4.710456] (lidar_perception) StderrLine: {'line': b'  By not providing "Findpcl_conversions.cmake" in CMAKE_MODULE_PATH this\n'}
[4.710496] (lidar_perception) StderrLine: {'line': b'  project has asked CMake to find a package configuration file provided by\n'}
[4.710525] (lidar_perception) StderrLine: {'line': b'  "pcl_conversions", but CMake did not find one.\n'}
[4.710551] (lidar_perception) StderrLine: {'line': b'\n'}
[4.710576] (lidar_perception) StderrLine: {'line': b'  Could not find a package configuration file provided by "pcl_conversions"\n'}
[4.710600] (lidar_perception) StderrLine: {'line': b'  with any of the following names:\n'}
[4.710624] (lidar_perception) StderrLine: {'line': b'\n'}
[4.710648] (lidar_perception) StderrLine: {'line': b'    pcl_conversionsConfig.cmake\n'}
[4.710672] (lidar_perception) StderrLine: {'line': b'    pcl_conversions-config.cmake\n'}
[4.710695] (lidar_perception) StderrLine: {'line': b'\n'}
[4.710717] (lidar_perception) StderrLine: {'line': b'  Add the installation prefix of "pcl_conversions" to CMAKE_PREFIX_PATH or\n'}
[4.710741] (lidar_perception) StderrLine: {'line': b'  set "pcl_conversions_DIR" to a directory containing one of the above files.\n'}
[4.710764] (lidar_perception) StderrLine: {'line': b'  If "pcl_conversions" provides a separate development package or SDK, be\n'}
[4.710788] (lidar_perception) StderrLine: {'line': b'  sure it has been installed.\n'}
[4.710811] (lidar_perception) StderrLine: {'line': b'\n'}
[4.710935] (lidar_perception) StderrLine: {'line': b'\x1b[0m\n'}
[4.710979] (lidar_perception) StdoutLine: {'line': b'-- Configuring incomplete, errors occurred!\n'}
[4.711027] (lidar_perception) StdoutLine: {'line': b'See also "/vehicle_1811/build/lidar_perception/CMakeFiles/CMakeOutput.log".\n'}
[4.719223] (lidar_perception) CommandEnded: {'returncode': 1}
[4.726884] (-) TimerEvent: {}
[4.736481] (lidar_perception) JobEnded: {'identifier': 'lidar_perception', 'rc': 1}
[4.748370] (-) EventReactorShutdown: {}
